[debug] [2025-11-03T09:37:35.062Z] ----------------------------------------------------------------------
[debug] [2025-11-03T09:37:35.065Z] Command:       /Users/anandhusatheesh/.nvm/versions/node/v20.19.0/bin/node /Users/anandhusatheesh/.nvm/versions/node/v20.19.0/bin/firebase emulators:start
[debug] [2025-11-03T09:37:35.065Z] CLI Version:   14.17.0
[debug] [2025-11-03T09:37:35.065Z] Platform:      darwin
[debug] [2025-11-03T09:37:35.066Z] Node Version:  v20.19.0
[debug] [2025-11-03T09:37:35.066Z] Time:          Mon Nov 03 2025 15:07:35 GMT+0530 (India Standard Time)
[debug] [2025-11-03T09:37:35.066Z] ----------------------------------------------------------------------
[debug] 
[debug] [2025-11-03T09:37:35.223Z] > command requires scopes: ["email","openid","https://www.googleapis.com/auth/cloudplatformprojects.readonly","https://www.googleapis.com/auth/firebase","https://www.googleapis.com/auth/cloud-platform"]
[debug] [2025-11-03T09:37:35.224Z] > authorizing via signed-in user (admin@wyecaresolutions.com)
[debug] [2025-11-03T09:37:35.359Z] openjdk version "17.0.11" 2024-04-16 LTS

[debug] [2025-11-03T09:37:35.360Z] OpenJDK Runtime Environment Zulu17.50+19-CA (build 17.0.11+9-LTS)
OpenJDK 64-Bit Server VM Zulu17.50+19-CA (build 17.0.11+9-LTS, mixed mode, sharing)

[debug] [2025-11-03T09:37:35.370Z] Parsed Java major version: 17
[info] i  emulators: Starting emulators: auth, hosting, storage {"metadata":{"emulator":{"name":"hub"},"message":"Starting emulators: auth, hosting, storage"}}
[debug] [2025-11-03T09:37:35.774Z] [logging] Logging Emulator only supports listening on one address (127.0.0.1). Not listening on ::1
[debug] [2025-11-03T09:37:35.774Z] [auth] Authentication Emulator only supports listening on one address (127.0.0.1). Not listening on ::1
[debug] [2025-11-03T09:37:35.774Z] [storage] Storage Emulator only supports listening on one address (127.0.0.1). Not listening on ::1
[warn] ⚠  hosting: Hosting Emulator unable to start on port 5000, starting on 5002 instead. {"metadata":{"emulator":{"name":"hosting"},"message":"Hosting Emulator unable to start on port 5000, starting on 5002 instead."}}
[debug] [2025-11-03T09:37:35.774Z] [hosting] Hosting Emulator only supports listening on one address (127.0.0.1). Not listening on ::1
[debug] [2025-11-03T09:37:35.774Z] assigned listening specs for emulators {"user":{"hub":[{"address":"127.0.0.1","family":"IPv4","port":4400},{"address":"::1","family":"IPv6","port":4400}],"ui":[{"address":"127.0.0.1","family":"IPv4","port":4000},{"address":"::1","family":"IPv6","port":4000}],"logging":[{"address":"127.0.0.1","family":"IPv4","port":4500}],"auth":[{"address":"127.0.0.1","family":"IPv4","port":9099}],"storage":[{"address":"127.0.0.1","family":"IPv4","port":9199}],"hosting":[{"address":"127.0.0.1","family":"IPv4","port":5002}]},"metadata":{"message":"assigned listening specs for emulators"}}
[debug] [2025-11-03T09:37:35.777Z] Emulator locator file path: /var/folders/5c/9310ldls6yl0m0rqghcjbl0h0000gn/T/hub-restohand-develop.json
[warn] ⚠  emulators: It seems that you are running multiple instances of the emulator suite for project restohand-develop. This may result in unexpected behavior. 
[debug] [2025-11-03T09:37:35.778Z] [hub] writing locator at /var/folders/5c/9310ldls6yl0m0rqghcjbl0h0000gn/T/hub-restohand-develop.json
[debug] [2025-11-03T09:37:40.736Z] Ignoring unsupported arg: port {"metadata":{"emulator":{"name":"storage"},"message":"Ignoring unsupported arg: port"}}
[debug] [2025-11-03T09:37:41.474Z] Temp file directory for storage emulator: /var/folders/5c/9310ldls6yl0m0rqghcjbl0h0000gn/T/firebase/storage/blobs {"metadata":{"emulator":{"name":"storage"},"message":"Temp file directory for storage emulator: /var/folders/5c/9310ldls6yl0m0rqghcjbl0h0000gn/T/firebase/storage/blobs"}}
[debug] [2025-11-03T09:37:41.483Z] Checked if tokens are valid: true, expires at: 1762165573419
[debug] [2025-11-03T09:37:41.483Z] Checked if tokens are valid: true, expires at: 1762165573419
[debug] [2025-11-03T09:37:41.484Z] >>> [apiv2][query] GET https://firebasehosting.googleapis.com/v1beta1/projects/restohand-develop/sites 
[debug] [2025-11-03T09:37:42.690Z] <<< [apiv2][status] GET https://firebasehosting.googleapis.com/v1beta1/projects/restohand-develop/sites 200
[debug] [2025-11-03T09:37:42.690Z] <<< [apiv2][body] GET https://firebasehosting.googleapis.com/v1beta1/projects/restohand-develop/sites {"sites":[{"name":"projects/restohand-develop/sites/restohand-develop","defaultUrl":"https://restohand-develop.web.app","type":"DEFAULT_SITE"}]}
[debug] [2025-11-03T09:37:42.690Z] Checked if tokens are valid: true, expires at: 1762165573419
[debug] [2025-11-03T09:37:42.691Z] Checked if tokens are valid: true, expires at: 1762165573419
[debug] [2025-11-03T09:37:42.691Z] >>> [apiv2][query] GET https://firebase.googleapis.com/v1beta1/projects/restohand-develop/webApps/-/config [none]
[debug] [2025-11-03T09:37:44.074Z] <<< [apiv2][status] GET https://firebase.googleapis.com/v1beta1/projects/restohand-develop/webApps/-/config 200
[debug] [2025-11-03T09:37:44.074Z] <<< [apiv2][body] GET https://firebase.googleapis.com/v1beta1/projects/restohand-develop/webApps/-/config {"projectId":"restohand-develop","appId":"1:801981365229:web:8234286f5c8ba1b62405e4","storageBucket":"restohand-develop.firebasestorage.app","apiKey":"AIzaSyB847JPf8dHFYjx2aZ9o5rfn2qaJ7sIlDY","authDomain":"restohand-develop.firebaseapp.com","messagingSenderId":"801981365229","projectNumber":"801981365229","version":"2"}
[debug] [2025-11-03T09:37:44.095Z] Checked if tokens are valid: true, expires at: 1762165573419
[debug] [2025-11-03T09:37:44.096Z] Checked if tokens are valid: true, expires at: 1762165573419
[debug] [2025-11-03T09:37:44.096Z] >>> [apiv2][query] GET https://firebase.googleapis.com/v1beta1/projects/restohand-develop [none]
[debug] [2025-11-03T09:37:44.481Z] <<< [apiv2][status] GET https://firebase.googleapis.com/v1beta1/projects/restohand-develop 200
[debug] [2025-11-03T09:37:44.482Z] <<< [apiv2][body] GET https://firebase.googleapis.com/v1beta1/projects/restohand-develop {"projectId":"restohand-develop","projectNumber":"801981365229","displayName":"RestoHand Dev Environment","name":"projects/restohand-develop","resources":{"hostingSite":"restohand-develop"},"state":"ACTIVE","etag":"1_61aff2e9-465d-4070-8a24-1b16c8393b3c"}
[info] i  hosting[main]: Serving hosting files from: apps/frontend/dist {"metadata":{"emulator":{"name":"hosting"},"message":"Serving hosting files from: \u001b[1mapps/frontend/dist\u001b[22m"}}
[info] ✔  hosting[main]: Local server: http://127.0.0.1:5002 {"metadata":{"emulator":{"name":"hosting"},"message":"Local server: \u001b[4m\u001b[1mhttp://127.0.0.1:5002\u001b[22m\u001b[24m"}}
[debug] [2025-11-03T09:37:44.541Z] Could not find VSCode notification endpoint: FetchError: request to http://localhost:40001/vscode/notify failed, reason: . If you are not running the Firebase Data Connect VSCode extension, this is expected and not an issue.
[info] 
┌─────────────────────────────────────────────────────────────┐
│ ✔  All emulators ready! It is now safe to connect your app. │
│ i  View Emulator UI at http://127.0.0.1:4000/               │
└─────────────────────────────────────────────────────────────┘

┌────────────────┬────────────────┬───────────────────────────────┐
│ Emulator       │ Host:Port      │ View in Emulator UI           │
├────────────────┼────────────────┼───────────────────────────────┤
│ Authentication │ 127.0.0.1:9099 │ http://127.0.0.1:4000/auth    │
├────────────────┼────────────────┼───────────────────────────────┤
│ Hosting        │ 127.0.0.1:5002 │ n/a                           │
├────────────────┼────────────────┼───────────────────────────────┤
│ Storage        │ 127.0.0.1:9199 │ http://127.0.0.1:4000/storage │
└────────────────┴────────────────┴───────────────────────────────┘
  Emulator Hub host: 127.0.0.1 port: 4400
  Other reserved ports: 4500

Issues? Report them at https://github.com/firebase/firebase-tools/issues and attach the *-debug.log files.
 
[debug] [2025-11-04T16:16:42.943Z] Received signal SIGHUP 1
[info]  
[info] i  emulators: Received SIGHUP for the first time. Starting a clean shutdown. 
[info] i  emulators: Please wait for a clean shutdown or send the SIGHUP signal again to stop right now. 
[debug] [2025-11-04T16:16:43.465Z] Error: write EIO
    at afterWriteDispatched (node:internal/stream_base_commons:161:15)
    at writeGeneric (node:internal/stream_base_commons:152:3)
    at Socket._writeGeneric (node:net:958:11)
    at Socket._write (node:net:970:8)
    at writeOrBuffer (node:internal/streams/writable:572:12)
    at _write (node:internal/streams/writable:501:10)
    at Writable.write (node:internal/streams/writable:510:10)
    at Console.log (/Users/anandhusatheesh/.nvm/versions/node/v20.19.0/lib/node_modules/firebase-tools/node_modules/winston/lib/winston/transports/console.js:87:23)
    at Console._write (/Users/anandhusatheesh/.nvm/versions/node/v20.19.0/lib/node_modules/firebase-tools/node_modules/winston-transport/modern.js:103:17)
    at doWrite (/Users/anandhusatheesh/.nvm/versions/node/v20.19.0/lib/node_modules/firebase-tools/node_modules/winston-transport/node_modules/readable-stream/lib/_stream_writable.js:390:139)
[error] 
[error] Error: An unexpected error has occurred.
[debug] [2025-11-04T16:16:43.471Z] Error: write EIO
    at afterWriteDispatched (node:internal/stream_base_commons:161:15)
    at writeGeneric (node:internal/stream_base_commons:152:3)
    at Socket._writeGeneric (node:net:958:11)
    at Socket._write (node:net:970:8)
    at writeOrBuffer (node:internal/streams/writable:572:12)
    at _write (node:internal/streams/writable:501:10)
    at Writable.write (node:internal/streams/writable:510:10)
    at Console.log (/Users/anandhusatheesh/.nvm/versions/node/v20.19.0/lib/node_modules/firebase-tools/node_modules/winston/lib/winston/transports/console.js:87:23)
    at Console._write (/Users/anandhusatheesh/.nvm/versions/node/v20.19.0/lib/node_modules/firebase-tools/node_modules/winston-transport/modern.js:103:17)
    at doWrite (/Users/anandhusatheesh/.nvm/versions/node/v20.19.0/lib/node_modules/firebase-tools/node_modules/winston-transport/node_modules/readable-stream/lib/_stream_writable.js:390:139)
[error] 
[error] Error: An unexpected error has occurred.
[debug] [2025-11-04T16:16:43.477Z] Error: write EIO
    at afterWriteDispatched (node:internal/stream_base_commons:161:15)
    at writeGeneric (node:internal/stream_base_commons:152:3)
    at Socket._writeGeneric (node:net:958:11)
    at Socket._write (node:net:970:8)
    at writeOrBuffer (node:internal/streams/writable:572:12)
    at _write (node:internal/streams/writable:501:10)
    at Writable.write (node:internal/streams/writable:510:10)
    at Console.log (/Users/anandhusatheesh/.nvm/versions/node/v20.19.0/lib/node_modules/firebase-tools/node_modules/winston/lib/winston/transports/console.js:87:23)
    at Console._write (/Users/anandhusatheesh/.nvm/versions/node/v20.19.0/lib/node_modules/firebase-tools/node_modules/winston-transport/modern.js:103:17)
    at doWrite (/Users/anandhusatheesh/.nvm/versions/node/v20.19.0/lib/node_modules/firebase-tools/node_modules/winston-transport/node_modules/readable-stream/lib/_stream_writable.js:390:139)
[error] 
[error] Error: An unexpected error has occurred.
[debug] [2025-11-04T16:16:43.479Z] Error: write EIO
    at afterWriteDispatched (node:internal/stream_base_commons:161:15)
    at writeGeneric (node:internal/stream_base_commons:152:3)
    at Socket._writeGeneric (node:net:958:11)
    at Socket._write (node:net:970:8)
    at writeOrBuffer (node:internal/streams/writable:572:12)
    at _write (node:internal/streams/writable:501:10)
    at Writable.write (node:internal/streams/writable:510:10)
    at Console.log (/Users/anandhusatheesh/.nvm/versions/node/v20.19.0/lib/node_modules/firebase-tools/node_modules/winston/lib/winston/transports/console.js:87:23)
    at Console._write (/Users/anandhusatheesh/.nvm/versions/node/v20.19.0/lib/node_modules/firebase-tools/node_modules/winston-transport/modern.js:103:17)
    at doWrite (/Users/anandhusatheesh/.nvm/versions/node/v20.19.0/lib/node_modules/firebase-tools/node_modules/winston-transport/node_modules/readable-stream/lib/_stream_writable.js:390:139)
[error] 
[error] Error: An unexpected error has occurred.
[debug] [2025-11-04T16:16:43.484Z] Error: write EIO
    at afterWriteDispatched (node:internal/stream_base_commons:161:15)
    at writeGeneric (node:internal/stream_base_commons:152:3)
    at Socket._writeGeneric (node:net:958:11)
    at Socket._write (node:net:970:8)
    at writeOrBuffer (node:internal/streams/writable:572:12)
    at _write (node:internal/streams/writable:501:10)
    at Writable.write (node:internal/streams/writable:510:10)
    at Console.log (/Users/anandhusatheesh/.nvm/versions/node/v20.19.0/lib/node_modules/firebase-tools/node_modules/winston/lib/winston/transports/console.js:87:23)
    at Console._write (/Users/anandhusatheesh/.nvm/versions/node/v20.19.0/lib/node_modules/firebase-tools/node_modules/winston-transport/modern.js:103:17)
    at doWrite (/Users/anandhusatheesh/.nvm/versions/node/v20.19.0/lib/node_modules/firebase-tools/node_modules/winston-transport/node_modules/readable-stream/lib/_stream_writable.js:390:139)
[error] 
[error] Error: An unexpected error has occurred.
[debug] [2025-11-04T16:16:43.490Z] Error: write EIO
    at afterWriteDispatched (node:internal/stream_base_commons:161:15)
    at writeGeneric (node:internal/stream_base_commons:152:3)
    at Socket._writeGeneric (node:net:958:11)
    at Socket._write (node:net:970:8)
    at writeOrBuffer (node:internal/streams/writable:572:12)
    at _write (node:internal/streams/writable:501:10)
    at Writable.write (node:internal/streams/writable:510:10)
    at Console.log (/Users/anandhusatheesh/.nvm/versions/node/v20.19.0/lib/node_modules/firebase-tools/node_modules/winston/lib/winston/transports/console.js:87:23)
    at Console._write (/Users/anandhusatheesh/.nvm/versions/node/v20.19.0/lib/node_modules/firebase-tools/node_modules/winston-transport/modern.js:103:17)
    at doWrite (/Users/anandhusatheesh/.nvm/versions/node/v20.19.0/lib/node_modules/firebase-tools/node_modules/winston-transport/node_modules/readable-stream/lib/_stream_writable.js:390:139)
[error] 
[error] Error: An unexpected error has occurred.
[debug] [2025-11-04T16:16:43.491Z] Error: write EIO
    at afterWriteDispatched (node:internal/stream_base_commons:161:15)
    at writeGeneric (node:internal/stream_base_commons:152:3)
    at Socket._writeGeneric (node:net:958:11)
    at Socket._write (node:net:970:8)
    at writeOrBuffer (node:internal/streams/writable:572:12)
    at _write (node:internal/streams/writable:501:10)
    at Writable.write (node:internal/streams/writable:510:10)
    at Console.log (/Users/anandhusatheesh/.nvm/versions/node/v20.19.0/lib/node_modules/firebase-tools/node_modules/winston/lib/winston/transports/console.js:87:23)
    at Console._write (/Users/anandhusatheesh/.nvm/versions/node/v20.19.0/lib/node_modules/firebase-tools/node_modules/winston-transport/modern.js:103:17)
    at doWrite (/Users/anandhusatheesh/.nvm/versions/node/v20.19.0/lib/node_modules/firebase-tools/node_modules/winston-transport/node_modules/readable-stream/lib/_stream_writable.js:390:139)
[error] 
[error] Error: An unexpected error has occurred.
[debug] [2025-11-04T16:16:43.493Z] Error: write EIO
    at afterWriteDispatched (node:internal/stream_base_commons:161:15)
    at writeGeneric (node:internal/stream_base_commons:152:3)
    at Socket._writeGeneric (node:net:958:11)
    at Socket._write (node:net:970:8)
    at writeOrBuffer (node:internal/streams/writable:572:12)
    at _write (node:internal/streams/writable:501:10)
    at Writable.write (node:internal/streams/writable:510:10)
    at Console.log (/Users/anandhusatheesh/.nvm/versions/node/v20.19.0/lib/node_modules/firebase-tools/node_modules/winston/lib/winston/transports/console.js:87:23)
    at Console._write (/Users/anandhusatheesh/.nvm/versions/node/v20.19.0/lib/node_modules/firebase-tools/node_modules/winston-transport/modern.js:103:17)
    at doWrite (/Users/anandhusatheesh/.nvm/versions/node/v20.19.0/lib/node_modules/firebase-tools/node_modules/winston-transport/node_modules/readable-stream/lib/_stream_writable.js:390:139)
[error] 
[error] Error: An unexpected error has occurred.
[debug] [2025-11-04T16:16:43.496Z] Error: write EIO
    at afterWriteDispatched (node:internal/stream_base_commons:161:15)
    at writeGeneric (node:internal/stream_base_commons:152:3)
    at Socket._writeGeneric (node:net:958:11)
    at Socket._write (node:net:970:8)
    at writeOrBuffer (node:internal/streams/writable:572:12)
    at _write (node:internal/streams/writable:501:10)
    at Writable.write (node:internal/streams/writable:510:10)
    at Console.log (/Users/anandhusatheesh/.nvm/versions/node/v20.19.0/lib/node_modules/firebase-tools/node_modules/winston/lib/winston/transports/console.js:87:23)
    at Console._write (/Users/anandhusatheesh/.nvm/versions/node/v20.19.0/lib/node_modules/firebase-tools/node_modules/winston-transport/modern.js:103:17)
    at doWrite (/Users/anandhusatheesh/.nvm/versions/node/v20.19.0/lib/node_modules/firebase-tools/node_modules/winston-transport/node_modules/readable-stream/lib/_stream_writable.js:390:139)
[error] 
[error] Error: An unexpected error has occurred.
[debug] [2025-11-04T16:16:43.496Z] Error: write EIO
    at afterWriteDispatched (node:internal/stream_base_commons:161:15)
    at writeGeneric (node:internal/stream_base_commons:152:3)
    at Socket._writeGeneric (node:net:958:11)
    at Socket._write (node:net:970:8)
    at writeOrBuffer (node:internal/streams/writable:572:12)
    at _write (node:internal/streams/writable:501:10)
    at Writable.write (node:internal/streams/writable:510:10)
    at Console.log (/Users/anandhusatheesh/.nvm/versions/node/v20.19.0/lib/node_modules/firebase-tools/node_modules/winston/lib/winston/transports/console.js:87:23)
    at Console._write (/Users/anandhusatheesh/.nvm/versions/node/v20.19.0/lib/node_modules/firebase-tools/node_modules/winston-transport/modern.js:103:17)
    at doWrite (/Users/anandhusatheesh/.nvm/versions/node/v20.19.0/lib/node_modules/firebase-tools/node_modules/winston-transport/node_modules/readable-stream/lib/_stream_writable.js:390:139)
[error] 
[error] Error: An unexpected error has occurred.
[debug] [2025-11-04T16:16:43.497Z] Error: write EIO
    at afterWriteDispatched (node:internal/stream_base_commons:161:15)
    at writeGeneric (node:internal/stream_base_commons:152:3)
    at Socket._writeGeneric (node:net:958:11)
    at Socket._write (node:net:970:8)
    at writeOrBuffer (node:internal/streams/writable:572:12)
    at _write (node:internal/streams/writable:501:10)
    at Writable.write (node:internal/streams/writable:510:10)
    at Console.log (/Users/anandhusatheesh/.nvm/versions/node/v20.19.0/lib/node_modules/firebase-tools/node_modules/winston/lib/winston/transports/console.js:87:23)
    at Console._write (/Users/anandhusatheesh/.nvm/versions/node/v20.19.0/lib/node_modules/firebase-tools/node_modules/winston-transport/modern.js:103:17)
    at doWrite (/Users/anandhusatheesh/.nvm/versions/node/v20.19.0/lib/node_modules/firebase-tools/node_modules/winston-transport/node_modules/readable-stream/lib/_stream_writable.js:390:139)
[error] 
[error] Error: An unexpected error has occurred.
[debug] [2025-11-04T16:16:43.498Z] Error: write EIO
    at afterWriteDispatched (node:internal/stream_base_commons:161:15)
    at writeGeneric (node:internal/stream_base_commons:152:3)
    at Socket._writeGeneric (node:net:958:11)
    at Socket._write (node:net:970:8)
    at writeOrBuffer (node:internal/streams/writable:572:12)
    at _write (node:internal/streams/writable:501:10)
    at Writable.write (node:internal/streams/writable:510:10)
    at Console.log (/Users/anandhusatheesh/.nvm/versions/node/v20.19.0/lib/node_modules/firebase-tools/node_modules/winston/lib/winston/transports/console.js:87:23)
    at Console._write (/Users/anandhusatheesh/.nvm/versions/node/v20.19.0/lib/node_modules/firebase-tools/node_modules/winston-transport/modern.js:103:17)
    at doWrite (/Users/anandhusatheesh/.nvm/versions/node/v20.19.0/lib/node_modules/firebase-tools/node_modules/winston-transport/node_modules/readable-stream/lib/_stream_writable.js:390:139)
[error] 
[error] Error: An unexpected error has occurred.
[debug] [2025-11-04T16:16:43.500Z] Error: write EIO
    at afterWriteDispatched (node:internal/stream_base_commons:161:15)
    at writeGeneric (node:internal/stream_base_commons:152:3)
    at Socket._writeGeneric (node:net:958:11)
    at Socket._write (node:net:970:8)
    at writeOrBuffer (node:internal/streams/writable:572:12)
    at _write (node:internal/streams/writable:501:10)
    at Writable.write (node:internal/streams/writable:510:10)
    at Console.log (/Users/anandhusatheesh/.nvm/versions/node/v20.19.0/lib/node_modules/firebase-tools/node_modules/winston/lib/winston/transports/console.js:87:23)
    at Console._write (/Users/anandhusatheesh/.nvm/versions/node/v20.19.0/lib/node_modules/firebase-tools/node_modules/winston-transport/modern.js:103:17)
    at doWrite (/Users/anandhusatheesh/.nvm/versions/node/v20.19.0/lib/node_modules/firebase-tools/node_modules/winston-transport/node_modules/readable-stream/lib/_stream_writable.js:390:139)
[error] 
[error] Error: An unexpected error has occurred.
[debug] [2025-11-04T16:16:43.504Z] Error: write EIO
    at afterWriteDispatched (node:internal/stream_base_commons:161:15)
    at writeGeneric (node:internal/stream_base_commons:152:3)
    at Socket._writeGeneric (node:net:958:11)
    at Socket._write (node:net:970:8)
    at writeOrBuffer (node:internal/streams/writable:572:12)
    at _write (node:internal/streams/writable:501:10)
    at Writable.write (node:internal/streams/writable:510:10)
    at Console.log (/Users/anandhusatheesh/.nvm/versions/node/v20.19.0/lib/node_modules/firebase-tools/node_modules/winston/lib/winston/transports/console.js:87:23)
    at Console._write (/Users/anandhusatheesh/.nvm/versions/node/v20.19.0/lib/node_modules/firebase-tools/node_modules/winston-transport/modern.js:103:17)
    at doWrite (/Users/anandhusatheesh/.nvm/versions/node/v20.19.0/lib/node_modules/firebase-tools/node_modules/winston-transport/node_modules/readable-stream/lib/_stream_writable.js:390:139)
[error] 
[error] Error: An unexpected error has occurred.
[debug] [2025-11-04T16:16:43.506Z] Error: write EIO
    at afterWriteDispatched (node:internal/stream_base_commons:161:15)
    at writeGeneric (node:internal/stream_base_commons:152:3)
    at Socket._writeGeneric (node:net:958:11)
    at Socket._write (node:net:970:8)
    at writeOrBuffer (node:internal/streams/writable:572:12)
    at _write (node:internal/streams/writable:501:10)
    at Writable.write (node:internal/streams/writable:510:10)
    at Console.log (/Users/anandhusatheesh/.nvm/versions/node/v20.19.0/lib/node_modules/firebase-tools/node_modules/winston/lib/winston/transports/console.js:87:23)
    at Console._write (/Users/anandhusatheesh/.nvm/versions/node/v20.19.0/lib/node_modules/firebase-tools/node_modules/winston-transport/modern.js:103:17)
    at doWrite (/Users/anandhusatheesh/.nvm/versions/node/v20.19.0/lib/node_modules/firebase-tools/node_modules/winston-transport/node_modules/readable-stream/lib/_stream_writable.js:390:139)
[error] 
[error] Error: An unexpected error has occurred.
[debug] [2025-11-04T16:16:43.508Z] Error: write EIO
    at afterWriteDispatched (node:internal/stream_base_commons:161:15)
    at writeGeneric (node:internal/stream_base_commons:152:3)
    at Socket._writeGeneric (node:net:958:11)
    at Socket._write (node:net:970:8)
    at writeOrBuffer (node:internal/streams/writable:572:12)
    at _write (node:internal/streams/writable:501:10)
    at Writable.write (node:internal/streams/writable:510:10)
    at Console.log (/Users/anandhusatheesh/.nvm/versions/node/v20.19.0/lib/node_modules/firebase-tools/node_modules/winston/lib/winston/transports/console.js:87:23)
    at Console._write (/Users/anandhusatheesh/.nvm/versions/node/v20.19.0/lib/node_modules/firebase-tools/node_modules/winston-transport/modern.js:103:17)
    at doWrite (/Users/anandhusatheesh/.nvm/versions/node/v20.19.0/lib/node_modules/firebase-tools/node_modules/winston-transport/node_modules/readable-stream/lib/_stream_writable.js:390:139)
[error] 
[error] Error: An unexpected error has occurred.
[debug] [2025-11-04T16:16:43.513Z] Error: write EIO
    at afterWriteDispatched (node:internal/stream_base_commons:161:15)
    at writeGeneric (node:internal/stream_base_commons:152:3)
    at Socket._writeGeneric (node:net:958:11)
    at Socket._write (node:net:970:8)
    at writeOrBuffer (node:internal/streams/writable:572:12)
    at _write (node:internal/streams/writable:501:10)
    at Writable.write (node:internal/streams/writable:510:10)
    at Console.log (/Users/anandhusatheesh/.nvm/versions/node/v20.19.0/lib/node_modules/firebase-tools/node_modules/winston/lib/winston/transports/console.js:87:23)
    at Console._write (/Users/anandhusatheesh/.nvm/versions/node/v20.19.0/lib/node_modules/firebase-tools/node_modules/winston-transport/modern.js:103:17)
    at doWrite (/Users/anandhusatheesh/.nvm/versions/node/v20.19.0/lib/node_modules/firebase-tools/node_modules/winston-transport/node_modules/readable-stream/lib/_stream_writable.js:390:139)
[error] 
[error] Error: An unexpected error has occurred.
[debug] [2025-11-04T16:16:43.515Z] Error: write EIO
    at afterWriteDispatched (node:internal/stream_base_commons:161:15)
    at writeGeneric (node:internal/stream_base_commons:152:3)
    at Socket._writeGeneric (node:net:958:11)
    at Socket._write (node:net:970:8)
    at writeOrBuffer (node:internal/streams/writable:572:12)
    at _write (node:internal/streams/writable:501:10)
    at Writable.write (node:internal/streams/writable:510:10)
    at Console.log (/Users/anandhusatheesh/.nvm/versions/node/v20.19.0/lib/node_modules/firebase-tools/node_modules/winston/lib/winston/transports/console.js:87:23)
    at Console._write (/Users/anandhusatheesh/.nvm/versions/node/v20.19.0/lib/node_modules/firebase-tools/node_modules/winston-transport/modern.js:103:17)
    at doWrite (/Users/anandhusatheesh/.nvm/versions/node/v20.19.0/lib/node_modules/firebase-tools/node_modules/winston-transport/node_modules/readable-stream/lib/_stream_writable.js:390:139)
[error] 
[error] Error: An unexpected error has occurred.
[debug] [2025-11-04T16:16:43.521Z] Error: write EIO
    at afterWriteDispatched (node:internal/stream_base_commons:161:15)
    at writeGeneric (node:internal/stream_base_commons:152:3)
    at Socket._writeGeneric (node:net:958:11)
    at Socket._write (node:net:970:8)
    at writeOrBuffer (node:internal/streams/writable:572:12)
    at _write (node:internal/streams/writable:501:10)
    at Writable.write (node:internal/streams/writable:510:10)
    at Console.log (/Users/anandhusatheesh/.nvm/versions/node/v20.19.0/lib/node_modules/firebase-tools/node_modules/winston/lib/winston/transports/console.js:87:23)
    at Console._write (/Users/anandhusatheesh/.nvm/versions/node/v20.19.0/lib/node_modules/firebase-tools/node_modules/winston-transport/modern.js:103:17)
    at doWrite (/Users/anandhusatheesh/.nvm/versions/node/v20.19.0/lib/node_modules/firebase-tools/node_modules/winston-transport/node_modules/readable-stream/lib/_stream_writable.js:390:139)
[error] 
[error] Error: An unexpected error has occurred.
[debug] [2025-11-04T16:16:43.524Z] Error: write EIO
    at afterWriteDispatched (node:internal/stream_base_commons:161:15)
    at writeGeneric (node:internal/stream_base_commons:152:3)
    at Socket._writeGeneric (node:net:958:11)
    at Socket._write (node:net:970:8)
    at writeOrBuffer (node:internal/streams/writable:572:12)
    at _write (node:internal/streams/writable:501:10)
    at Writable.write (node:internal/streams/writable:510:10)
    at Console.log (/Users/anandhusatheesh/.nvm/versions/node/v20.19.0/lib/node_modules/firebase-tools/node_modules/winston/lib/winston/transports/console.js:87:23)
    at Console._write (/Users/anandhusatheesh/.nvm/versions/node/v20.19.0/lib/node_modules/firebase-tools/node_modules/winston-transport/modern.js:103:17)
    at doWrite (/Users/anandhusatheesh/.nvm/versions/node/v20.19.0/lib/node_modules/firebase-tools/node_modules/winston-transport/node_modules/readable-stream/lib/_stream_writable.js:390:139)
[error] 
[error] Error: An unexpected error has occurred.
[debug] [2025-11-04T16:16:43.525Z] Error: write EIO
    at afterWriteDispatched (node:internal/stream_base_commons:161:15)
    at writeGeneric (node:internal/stream_base_commons:152:3)
    at Socket._writeGeneric (node:net:958:11)
    at Socket._write (node:net:970:8)
    at writeOrBuffer (node:internal/streams/writable:572:12)
    at _write (node:internal/streams/writable:501:10)
    at Writable.write (node:internal/streams/writable:510:10)
    at Console.log (/Users/anandhusatheesh/.nvm/versions/node/v20.19.0/lib/node_modules/firebase-tools/node_modules/winston/lib/winston/transports/console.js:87:23)
    at Console._write (/Users/anandhusatheesh/.nvm/versions/node/v20.19.0/lib/node_modules/firebase-tools/node_modules/winston-transport/modern.js:103:17)
    at doWrite (/Users/anandhusatheesh/.nvm/versions/node/v20.19.0/lib/node_modules/firebase-tools/node_modules/winston-transport/node_modules/readable-stream/lib/_stream_writable.js:390:139)
[error] 
[error] Error: An unexpected error has occurred.
[debug] [2025-11-04T16:16:43.527Z] Error: write EIO
    at afterWriteDispatched (node:internal/stream_base_commons:161:15)
    at writeGeneric (node:internal/stream_base_commons:152:3)
    at Socket._writeGeneric (node:net:958:11)
    at Socket._write (node:net:970:8)
    at writeOrBuffer (node:internal/streams/writable:572:12)
    at _write (node:internal/streams/writable:501:10)
    at Writable.write (node:internal/streams/writable:510:10)
    at Console.log (/Users/anandhusatheesh/.nvm/versions/node/v20.19.0/lib/node_modules/firebase-tools/node_modules/winston/lib/winston/transports/console.js:87:23)
    at Console._write (/Users/anandhusatheesh/.nvm/versions/node/v20.19.0/lib/node_modules/firebase-tools/node_modules/winston-transport/modern.js:103:17)
    at doWrite (/Users/anandhusatheesh/.nvm/versions/node/v20.19.0/lib/node_modules/firebase-tools/node_modules/winston-transport/node_modules/readable-stream/lib/_stream_writable.js:390:139)
[error] 
[error] Error: An unexpected error has occurred.
[debug] [2025-11-04T16:16:43.528Z] Error: write EIO
    at afterWriteDispatched (node:internal/stream_base_commons:161:15)
    at writeGeneric (node:internal/stream_base_commons:152:3)
    at Socket._writeGeneric (node:net:958:11)
    at Socket._write (node:net:970:8)
    at writeOrBuffer (node:internal/streams/writable:572:12)
    at _write (node:internal/streams/writable:501:10)
    at Writable.write (node:internal/streams/writable:510:10)
    at Console.log (/Users/anandhusatheesh/.nvm/versions/node/v20.19.0/lib/node_modules/firebase-tools/node_modules/winston/lib/winston/transports/console.js:87:23)
    at Console._write (/Users/anandhusatheesh/.nvm/versions/node/v20.19.0/lib/node_modules/firebase-tools/node_modules/winston-transport/modern.js:103:17)
    at doWrite (/Users/anandhusatheesh/.nvm/versions/node/v20.19.0/lib/node_modules/firebase-tools/node_modules/winston-transport/node_modules/readable-stream/lib/_stream_writable.js:390:139)
[error] 
[error] Error: An unexpected error has occurred.
[debug] [2025-11-04T16:16:43.530Z] Error: write EIO
    at afterWriteDispatched (node:internal/stream_base_commons:161:15)
    at writeGeneric (node:internal/stream_base_commons:152:3)
    at Socket._writeGeneric (node:net:958:11)
    at Socket._write (node:net:970:8)
    at writeOrBuffer (node:internal/streams/writable:572:12)
    at _write (node:internal/streams/writable:501:10)
    at Writable.write (node:internal/streams/writable:510:10)
    at Console.log (/Users/anandhusatheesh/.nvm/versions/node/v20.19.0/lib/node_modules/firebase-tools/node_modules/winston/lib/winston/transports/console.js:87:23)
    at Console._write (/Users/anandhusatheesh/.nvm/versions/node/v20.19.0/lib/node_modules/firebase-tools/node_modules/winston-transport/modern.js:103:17)
    at doWrite (/Users/anandhusatheesh/.nvm/versions/node/v20.19.0/lib/node_modules/firebase-tools/node_modules/winston-transport/node_modules/readable-stream/lib/_stream_writable.js:390:139)
[error] 
[error] Error: An unexpected error has occurred.
[debug] [2025-11-04T16:16:43.530Z] Error: write EIO
    at afterWriteDispatched (node:internal/stream_base_commons:161:15)
    at writeGeneric (node:internal/stream_base_commons:152:3)
    at Socket._writeGeneric (node:net:958:11)
    at Socket._write (node:net:970:8)
    at writeOrBuffer (node:internal/streams/writable:572:12)
    at _write (node:internal/streams/writable:501:10)
    at Writable.write (node:internal/streams/writable:510:10)
    at Console.log (/Users/anandhusatheesh/.nvm/versions/node/v20.19.0/lib/node_modules/firebase-tools/node_modules/winston/lib/winston/transports/console.js:87:23)
    at Console._write (/Users/anandhusatheesh/.nvm/versions/node/v20.19.0/lib/node_modules/firebase-tools/node_modules/winston-transport/modern.js:103:17)
    at doWrite (/Users/anandhusatheesh/.nvm/versions/node/v20.19.0/lib/node_modules/firebase-tools/node_modules/winston-transport/node_modules/readable-stream/lib/_stream_writable.js:390:139)
[error] 
[error] Error: An unexpected error has occurred.
[debug] [2025-11-04T16:16:43.531Z] Error: write EIO
    at afterWriteDispatched (node:internal/stream_base_commons:161:15)
    at writeGeneric (node:internal/stream_base_commons:152:3)
    at Socket._writeGeneric (node:net:958:11)
    at Socket._write (node:net:970:8)
    at writeOrBuffer (node:internal/streams/writable:572:12)
    at _write (node:internal/streams/writable:501:10)
    at Writable.write (node:internal/streams/writable:510:10)
    at Console.log (/Users/anandhusatheesh/.nvm/versions/node/v20.19.0/lib/node_modules/firebase-tools/node_modules/winston/lib/winston/transports/console.js:87:23)
    at Console._write (/Users/anandhusatheesh/.nvm/versions/node/v20.19.0/lib/node_modules/firebase-tools/node_modules/winston-transport/modern.js:103:17)
    at doWrite (/Users/anandhusatheesh/.nvm/versions/node/v20.19.0/lib/node_modules/firebase-tools/node_modules/winston-transport/node_modules/readable-stream/lib/_stream_writable.js:390:139)
[error] 
[error] Error: An unexpected error has occurred.
[debug] [2025-11-04T16:16:43.532Z] Error: write EIO
    at afterWriteDispatched (node:internal/stream_base_commons:161:15)
    at writeGeneric (node:internal/stream_base_commons:152:3)
    at Socket._writeGeneric (node:net:958:11)
    at Socket._write (node:net:970:8)
    at writeOrBuffer (node:internal/streams/writable:572:12)
    at _write (node:internal/streams/writable:501:10)
    at Writable.write (node:internal/streams/writable:510:10)
    at Console.log (/Users/anandhusatheesh/.nvm/versions/node/v20.19.0/lib/node_modules/firebase-tools/node_modules/winston/lib/winston/transports/console.js:87:23)
    at Console._write (/Users/anandhusatheesh/.nvm/versions/node/v20.19.0/lib/node_modules/firebase-tools/node_modules/winston-transport/modern.js:103:17)
    at doWrite (/Users/anandhusatheesh/.nvm/versions/node/v20.19.0/lib/node_modules/firebase-tools/node_modules/winston-transport/node_modules/readable-stream/lib/_stream_writable.js:390:139)
[error] 
[error] Error: An unexpected error has occurred.
[debug] [2025-11-04T16:16:43.533Z] Error: write EIO
    at afterWriteDispatched (node:internal/stream_base_commons:161:15)
    at writeGeneric (node:internal/stream_base_commons:152:3)
    at Socket._writeGeneric (node:net:958:11)
    at Socket._write (node:net:970:8)
    at writeOrBuffer (node:internal/streams/writable:572:12)
    at _write (node:internal/streams/writable:501:10)
    at Writable.write (node:internal/streams/writable:510:10)
    at Console.log (/Users/anandhusatheesh/.nvm/versions/node/v20.19.0/lib/node_modules/firebase-tools/node_modules/winston/lib/winston/transports/console.js:87:23)
    at Console._write (/Users/anandhusatheesh/.nvm/versions/node/v20.19.0/lib/node_modules/firebase-tools/node_modules/winston-transport/modern.js:103:17)
    at doWrite (/Users/anandhusatheesh/.nvm/versions/node/v20.19.0/lib/node_modules/firebase-tools/node_modules/winston-transport/node_modules/readable-stream/lib/_stream_writable.js:390:139)
[error] 
[error] Error: An unexpected error has occurred.
[debug] [2025-11-04T16:16:43.536Z] Error: write EIO
    at afterWriteDispatched (node:internal/stream_base_commons:161:15)
    at writeGeneric (node:internal/stream_base_commons:152:3)
    at Socket._writeGeneric (node:net:958:11)
    at Socket._write (node:net:970:8)
    at writeOrBuffer (node:internal/streams/writable:572:12)
    at _write (node:internal/streams/writable:501:10)
    at Writable.write (node:internal/streams/writable:510:10)
    at Console.log (/Users/anandhusatheesh/.nvm/versions/node/v20.19.0/lib/node_modules/firebase-tools/node_modules/winston/lib/winston/transports/console.js:87:23)
    at Console._write (/Users/anandhusatheesh/.nvm/versions/node/v20.19.0/lib/node_modules/firebase-tools/node_modules/winston-transport/modern.js:103:17)
    at doWrite (/Users/anandhusatheesh/.nvm/versions/node/v20.19.0/lib/node_modules/firebase-tools/node_modules/winston-transport/node_modules/readable-stream/lib/_stream_writable.js:390:139)
[error] 
[error] Error: An unexpected error has occurred.
[debug] [2025-11-04T16:16:43.545Z] Error: write EIO
    at afterWriteDispatched (node:internal/stream_base_commons:161:15)
    at writeGeneric (node:internal/stream_base_commons:152:3)
    at Socket._writeGeneric (node:net:958:11)
    at Socket._write (node:net:970:8)
    at writeOrBuffer (node:internal/streams/writable:572:12)
    at _write (node:internal/streams/writable:501:10)
    at Writable.write (node:internal/streams/writable:510:10)
    at Console.log (/Users/anandhusatheesh/.nvm/versions/node/v20.19.0/lib/node_modules/firebase-tools/node_modules/winston/lib/winston/transports/console.js:87:23)
    at Console._write (/Users/anandhusatheesh/.nvm/versions/node/v20.19.0/lib/node_modules/firebase-tools/node_modules/winston-transport/modern.js:103:17)
    at doWrite (/Users/anandhusatheesh/.nvm/versions/node/v20.19.0/lib/node_modules/firebase-tools/node_modules/winston-transport/node_modules/readable-stream/lib/_stream_writable.js:390:139)
[error] 
[error] Error: An unexpected error has occurred.
[debug] [2025-11-04T16:16:43.546Z] Error: write EIO
    at afterWriteDispatched (node:internal/stream_base_commons:161:15)
    at writeGeneric (node:internal/stream_base_commons:152:3)
    at Socket._writeGeneric (node:net:958:11)
    at Socket._write (node:net:970:8)
    at writeOrBuffer (node:internal/streams/writable:572:12)
    at _write (node:internal/streams/writable:501:10)
    at Writable.write (node:internal/streams/writable:510:10)
    at Console.log (/Users/anandhusatheesh/.nvm/versions/node/v20.19.0/lib/node_modules/firebase-tools/node_modules/winston/lib/winston/transports/console.js:87:23)
    at Console._write (/Users/anandhusatheesh/.nvm/versions/node/v20.19.0/lib/node_modules/firebase-tools/node_modules/winston-transport/modern.js:103:17)
    at doWrite (/Users/anandhusatheesh/.nvm/versions/node/v20.19.0/lib/node_modules/firebase-tools/node_modules/winston-transport/node_modules/readable-stream/lib/_stream_writable.js:390:139)
[error] 
[error] Error: An unexpected error has occurred.
[debug] [2025-11-04T16:16:43.546Z] Error: write EIO
    at afterWriteDispatched (node:internal/stream_base_commons:161:15)
    at writeGeneric (node:internal/stream_base_commons:152:3)
    at Socket._writeGeneric (node:net:958:11)
    at Socket._write (node:net:970:8)
    at writeOrBuffer (node:internal/streams/writable:572:12)
    at _write (node:internal/streams/writable:501:10)
    at Writable.write (node:internal/streams/writable:510:10)
    at Console.log (/Users/anandhusatheesh/.nvm/versions/node/v20.19.0/lib/node_modules/firebase-tools/node_modules/winston/lib/winston/transports/console.js:87:23)
    at Console._write (/Users/anandhusatheesh/.nvm/versions/node/v20.19.0/lib/node_modules/firebase-tools/node_modules/winston-transport/modern.js:103:17)
    at doWrite (/Users/anandhusatheesh/.nvm/versions/node/v20.19.0/lib/node_modules/firebase-tools/node_modules/winston-transport/node_modules/readable-stream/lib/_stream_writable.js:390:139)
[error] 
[error] Error: An unexpected error has occurred.
[debug] [2025-11-04T16:16:43.546Z] Error: write EIO
    at afterWriteDispatched (node:internal/stream_base_commons:161:15)
    at writeGeneric (node:internal/stream_base_commons:152:3)
    at Socket._writeGeneric (node:net:958:11)
    at Socket._write (node:net:970:8)
    at writeOrBuffer (node:internal/streams/writable:572:12)
    at _write (node:internal/streams/writable:501:10)
    at Writable.write (node:internal/streams/writable:510:10)
    at Console.log (/Users/anandhusatheesh/.nvm/versions/node/v20.19.0/lib/node_modules/firebase-tools/node_modules/winston/lib/winston/transports/console.js:87:23)
    at Console._write (/Users/anandhusatheesh/.nvm/versions/node/v20.19.0/lib/node_modules/firebase-tools/node_modules/winston-transport/modern.js:103:17)
    at doWrite (/Users/anandhusatheesh/.nvm/versions/node/v20.19.0/lib/node_modules/firebase-tools/node_modules/winston-transport/node_modules/readable-stream/lib/_stream_writable.js:390:139)
[error] 
[error] Error: An unexpected error has occurred.
[debug] [2025-11-04T16:16:43.547Z] Error: write EIO
    at afterWriteDispatched (node:internal/stream_base_commons:161:15)
    at writeGeneric (node:internal/stream_base_commons:152:3)
    at Socket._writeGeneric (node:net:958:11)
    at Socket._write (node:net:970:8)
    at writeOrBuffer (node:internal/streams/writable:572:12)
    at _write (node:internal/streams/writable:501:10)
    at Writable.write (node:internal/streams/writable:510:10)
    at Console.log (/Users/anandhusatheesh/.nvm/versions/node/v20.19.0/lib/node_modules/firebase-tools/node_modules/winston/lib/winston/transports/console.js:87:23)
    at Console._write (/Users/anandhusatheesh/.nvm/versions/node/v20.19.0/lib/node_modules/firebase-tools/node_modules/winston-transport/modern.js:103:17)
    at doWrite (/Users/anandhusatheesh/.nvm/versions/node/v20.19.0/lib/node_modules/firebase-tools/node_modules/winston-transport/node_modules/readable-stream/lib/_stream_writable.js:390:139)
[error] 
[error] Error: An unexpected error has occurred.
[debug] [2025-11-04T16:16:43.548Z] Error: write EIO
    at afterWriteDispatched (node:internal/stream_base_commons:161:15)
    at writeGeneric (node:internal/stream_base_commons:152:3)
    at Socket._writeGeneric (node:net:958:11)
    at Socket._write (node:net:970:8)
    at writeOrBuffer (node:internal/streams/writable:572:12)
    at _write (node:internal/streams/writable:501:10)
    at Writable.write (node:internal/streams/writable:510:10)
    at Console.log (/Users/anandhusatheesh/.nvm/versions/node/v20.19.0/lib/node_modules/firebase-tools/node_modules/winston/lib/winston/transports/console.js:87:23)
    at Console._write (/Users/anandhusatheesh/.nvm/versions/node/v20.19.0/lib/node_modules/firebase-tools/node_modules/winston-transport/modern.js:103:17)
    at doWrite (/Users/anandhusatheesh/.nvm/versions/node/v20.19.0/lib/node_modules/firebase-tools/node_modules/winston-transport/node_modules/readable-stream/lib/_stream_writable.js:390:139)
[error] 
[error] Error: An unexpected error has occurred.
[debug] [2025-11-04T16:16:43.548Z] Error: write EIO
    at afterWriteDispatched (node:internal/stream_base_commons:161:15)
    at writeGeneric (node:internal/stream_base_commons:152:3)
    at Socket._writeGeneric (node:net:958:11)
    at Socket._write (node:net:970:8)
    at writeOrBuffer (node:internal/streams/writable:572:12)
    at _write (node:internal/streams/writable:501:10)
    at Writable.write (node:internal/streams/writable:510:10)
    at Console.log (/Users/anandhusatheesh/.nvm/versions/node/v20.19.0/lib/node_modules/firebase-tools/node_modules/winston/lib/winston/transports/console.js:87:23)
    at Console._write (/Users/anandhusatheesh/.nvm/versions/node/v20.19.0/lib/node_modules/firebase-tools/node_modules/winston-transport/modern.js:103:17)
    at doWrite (/Users/anandhusatheesh/.nvm/versions/node/v20.19.0/lib/node_modules/firebase-tools/node_modules/winston-transport/node_modules/readable-stream/lib/_stream_writable.js:390:139)
[error] 
[error] Error: An unexpected error has occurred.
[debug] [2025-11-04T16:16:43.548Z] Error: write EIO
    at afterWriteDispatched (node:internal/stream_base_commons:161:15)
    at writeGeneric (node:internal/stream_base_commons:152:3)
    at Socket._writeGeneric (node:net:958:11)
    at Socket._write (node:net:970:8)
    at writeOrBuffer (node:internal/streams/writable:572:12)
    at _write (node:internal/streams/writable:501:10)
    at Writable.write (node:internal/streams/writable:510:10)
    at Console.log (/Users/anandhusatheesh/.nvm/versions/node/v20.19.0/lib/node_modules/firebase-tools/node_modules/winston/lib/winston/transports/console.js:87:23)
    at Console._write (/Users/anandhusatheesh/.nvm/versions/node/v20.19.0/lib/node_modules/firebase-tools/node_modules/winston-transport/modern.js:103:17)
    at doWrite (/Users/anandhusatheesh/.nvm/versions/node/v20.19.0/lib/node_modules/firebase-tools/node_modules/winston-transport/node_modules/readable-stream/lib/_stream_writable.js:390:139)
[error] 
[error] Error: An unexpected error has occurred.
[debug] [2025-11-04T16:16:43.548Z] Error: write EIO
    at afterWriteDispatched (node:internal/stream_base_commons:161:15)
    at writeGeneric (node:internal/stream_base_commons:152:3)
    at Socket._writeGeneric (node:net:958:11)
    at Socket._write (node:net:970:8)
    at writeOrBuffer (node:internal/streams/writable:572:12)
    at _write (node:internal/streams/writable:501:10)
    at Writable.write (node:internal/streams/writable:510:10)
    at Console.log (/Users/anandhusatheesh/.nvm/versions/node/v20.19.0/lib/node_modules/firebase-tools/node_modules/winston/lib/winston/transports/console.js:87:23)
    at Console._write (/Users/anandhusatheesh/.nvm/versions/node/v20.19.0/lib/node_modules/firebase-tools/node_modules/winston-transport/modern.js:103:17)
    at doWrite (/Users/anandhusatheesh/.nvm/versions/node/v20.19.0/lib/node_modules/firebase-tools/node_modules/winston-transport/node_modules/readable-stream/lib/_stream_writable.js:390:139)
[error] 
[error] Error: An unexpected error has occurred.
[debug] [2025-11-04T16:16:43.548Z] Error: write EIO
    at afterWriteDispatched (node:internal/stream_base_commons:161:15)
    at writeGeneric (node:internal/stream_base_commons:152:3)
    at Socket._writeGeneric (node:net:958:11)
    at Socket._write (node:net:970:8)
    at writeOrBuffer (node:internal/streams/writable:572:12)
    at _write (node:internal/streams/writable:501:10)
    at Writable.write (node:internal/streams/writable:510:10)
    at Console.log (/Users/anandhusatheesh/.nvm/versions/node/v20.19.0/lib/node_modules/firebase-tools/node_modules/winston/lib/winston/transports/console.js:87:23)
    at Console._write (/Users/anandhusatheesh/.nvm/versions/node/v20.19.0/lib/node_modules/firebase-tools/node_modules/winston-transport/modern.js:103:17)
    at doWrite (/Users/anandhusatheesh/.nvm/versions/node/v20.19.0/lib/node_modules/firebase-tools/node_modules/winston-transport/node_modules/readable-stream/lib/_stream_writable.js:390:139)
[error] 
[error] Error: An unexpected error has occurred.
[debug] [2025-11-04T16:16:43.549Z] Error: write EIO
    at afterWriteDispatched (node:internal/stream_base_commons:161:15)
    at writeGeneric (node:internal/stream_base_commons:152:3)
    at Socket._writeGeneric (node:net:958:11)
    at Socket._write (node:net:970:8)
    at writeOrBuffer (node:internal/streams/writable:572:12)
    at _write (node:internal/streams/writable:501:10)
    at Writable.write (node:internal/streams/writable:510:10)
    at Console.log (/Users/anandhusatheesh/.nvm/versions/node/v20.19.0/lib/node_modules/firebase-tools/node_modules/winston/lib/winston/transports/console.js:87:23)
    at Console._write (/Users/anandhusatheesh/.nvm/versions/node/v20.19.0/lib/node_modules/firebase-tools/node_modules/winston-transport/modern.js:103:17)
    at doWrite (/Users/anandhusatheesh/.nvm/versions/node/v20.19.0/lib/node_modules/firebase-tools/node_modules/winston-transport/node_modules/readable-stream/lib/_stream_writable.js:390:139)
[error] 
[error] Error: An unexpected error has occurred.
[debug] [2025-11-04T16:16:43.549Z] Error: write EIO
    at afterWriteDispatched (node:internal/stream_base_commons:161:15)
    at writeGeneric (node:internal/stream_base_commons:152:3)
    at Socket._writeGeneric (node:net:958:11)
    at Socket._write (node:net:970:8)
    at writeOrBuffer (node:internal/streams/writable:572:12)
    at _write (node:internal/streams/writable:501:10)
    at Writable.write (node:internal/streams/writable:510:10)
    at Console.log (/Users/anandhusatheesh/.nvm/versions/node/v20.19.0/lib/node_modules/firebase-tools/node_modules/winston/lib/winston/transports/console.js:87:23)
    at Console._write (/Users/anandhusatheesh/.nvm/versions/node/v20.19.0/lib/node_modules/firebase-tools/node_modules/winston-transport/modern.js:103:17)
    at doWrite (/Users/anandhusatheesh/.nvm/versions/node/v20.19.0/lib/node_modules/firebase-tools/node_modules/winston-transport/node_modules/readable-stream/lib/_stream_writable.js:390:139)
[error] 
[error] Error: An unexpected error has occurred.
[debug] [2025-11-04T16:16:43.549Z] Error: write EIO
    at afterWriteDispatched (node:internal/stream_base_commons:161:15)
    at writeGeneric (node:internal/stream_base_commons:152:3)
    at Socket._writeGeneric (node:net:958:11)
    at Socket._write (node:net:970:8)
    at writeOrBuffer (node:internal/streams/writable:572:12)
    at _write (node:internal/streams/writable:501:10)
    at Writable.write (node:internal/streams/writable:510:10)
    at Console.log (/Users/anandhusatheesh/.nvm/versions/node/v20.19.0/lib/node_modules/firebase-tools/node_modules/winston/lib/winston/transports/console.js:87:23)
    at Console._write (/Users/anandhusatheesh/.nvm/versions/node/v20.19.0/lib/node_modules/firebase-tools/node_modules/winston-transport/modern.js:103:17)
    at doWrite (/Users/anandhusatheesh/.nvm/versions/node/v20.19.0/lib/node_modules/firebase-tools/node_modules/winston-transport/node_modules/readable-stream/lib/_stream_writable.js:390:139)
[error] 
[error] Error: An unexpected error has occurred.
[debug] [2025-11-04T16:16:43.550Z] Error: write EIO
    at afterWriteDispatched (node:internal/stream_base_commons:161:15)
    at writeGeneric (node:internal/stream_base_commons:152:3)
    at Socket._writeGeneric (node:net:958:11)
    at Socket._write (node:net:970:8)
    at writeOrBuffer (node:internal/streams/writable:572:12)
    at _write (node:internal/streams/writable:501:10)
    at Writable.write (node:internal/streams/writable:510:10)
    at Console.log (/Users/anandhusatheesh/.nvm/versions/node/v20.19.0/lib/node_modules/firebase-tools/node_modules/winston/lib/winston/transports/console.js:87:23)
    at Console._write (/Users/anandhusatheesh/.nvm/versions/node/v20.19.0/lib/node_modules/firebase-tools/node_modules/winston-transport/modern.js:103:17)
    at doWrite (/Users/anandhusatheesh/.nvm/versions/node/v20.19.0/lib/node_modules/firebase-tools/node_modules/winston-transport/node_modules/readable-stream/lib/_stream_writable.js:390:139)
[error] 
[error] Error: An unexpected error has occurred.
[debug] [2025-11-04T16:16:43.550Z] Error: write EIO
    at afterWriteDispatched (node:internal/stream_base_commons:161:15)
    at writeGeneric (node:internal/stream_base_commons:152:3)
    at Socket._writeGeneric (node:net:958:11)
    at Socket._write (node:net:970:8)
    at writeOrBuffer (node:internal/streams/writable:572:12)
    at _write (node:internal/streams/writable:501:10)
    at Writable.write (node:internal/streams/writable:510:10)
    at Console.log (/Users/anandhusatheesh/.nvm/versions/node/v20.19.0/lib/node_modules/firebase-tools/node_modules/winston/lib/winston/transports/console.js:87:23)
    at Console._write (/Users/anandhusatheesh/.nvm/versions/node/v20.19.0/lib/node_modules/firebase-tools/node_modules/winston-transport/modern.js:103:17)
    at doWrite (/Users/anandhusatheesh/.nvm/versions/node/v20.19.0/lib/node_modules/firebase-tools/node_modules/winston-transport/node_modules/readable-stream/lib/_stream_writable.js:390:139)
[error] 
[error] Error: An unexpected error has occurred.
[debug] [2025-11-04T16:16:43.550Z] Error: write EIO
    at afterWriteDispatched (node:internal/stream_base_commons:161:15)
    at writeGeneric (node:internal/stream_base_commons:152:3)
    at Socket._writeGeneric (node:net:958:11)
    at Socket._write (node:net:970:8)
    at writeOrBuffer (node:internal/streams/writable:572:12)
    at _write (node:internal/streams/writable:501:10)
    at Writable.write (node:internal/streams/writable:510:10)
    at Console.log (/Users/anandhusatheesh/.nvm/versions/node/v20.19.0/lib/node_modules/firebase-tools/node_modules/winston/lib/winston/transports/console.js:87:23)
    at Console._write (/Users/anandhusatheesh/.nvm/versions/node/v20.19.0/lib/node_modules/firebase-tools/node_modules/winston-transport/modern.js:103:17)
    at doWrite (/Users/anandhusatheesh/.nvm/versions/node/v20.19.0/lib/node_modules/firebase-tools/node_modules/winston-transport/node_modules/readable-stream/lib/_stream_writable.js:390:139)
[error] 
[error] Error: An unexpected error has occurred.
[debug] [2025-11-04T16:16:43.551Z] Error: write EIO
    at afterWriteDispatched (node:internal/stream_base_commons:161:15)
    at writeGeneric (node:internal/stream_base_commons:152:3)
    at Socket._writeGeneric (node:net:958:11)
    at Socket._write (node:net:970:8)
    at writeOrBuffer (node:internal/streams/writable:572:12)
    at _write (node:internal/streams/writable:501:10)
    at Writable.write (node:internal/streams/writable:510:10)
    at Console.log (/Users/anandhusatheesh/.nvm/versions/node/v20.19.0/lib/node_modules/firebase-tools/node_modules/winston/lib/winston/transports/console.js:87:23)
    at Console._write (/Users/anandhusatheesh/.nvm/versions/node/v20.19.0/lib/node_modules/firebase-tools/node_modules/winston-transport/modern.js:103:17)
    at doWrite (/Users/anandhusatheesh/.nvm/versions/node/v20.19.0/lib/node_modules/firebase-tools/node_modules/winston-transport/node_modules/readable-stream/lib/_stream_writable.js:390:139)
[error] 
[error] Error: An unexpected error has occurred.
[debug] [2025-11-04T16:16:43.551Z] Error: write EIO
    at afterWriteDispatched (node:internal/stream_base_commons:161:15)
    at writeGeneric (node:internal/stream_base_commons:152:3)
    at Socket._writeGeneric (node:net:958:11)
    at Socket._write (node:net:970:8)
    at writeOrBuffer (node:internal/streams/writable:572:12)
    at _write (node:internal/streams/writable:501:10)
    at Writable.write (node:internal/streams/writable:510:10)
    at Console.log (/Users/anandhusatheesh/.nvm/versions/node/v20.19.0/lib/node_modules/firebase-tools/node_modules/winston/lib/winston/transports/console.js:87:23)
    at Console._write (/Users/anandhusatheesh/.nvm/versions/node/v20.19.0/lib/node_modules/firebase-tools/node_modules/winston-transport/modern.js:103:17)
    at doWrite (/Users/anandhusatheesh/.nvm/versions/node/v20.19.0/lib/node_modules/firebase-tools/node_modules/winston-transport/node_modules/readable-stream/lib/_stream_writable.js:390:139)
[error] 
[error] Error: An unexpected error has occurred.
[debug] [2025-11-04T16:16:43.551Z] Error: write EIO
    at afterWriteDispatched (node:internal/stream_base_commons:161:15)
    at writeGeneric (node:internal/stream_base_commons:152:3)
    at Socket._writeGeneric (node:net:958:11)
    at Socket._write (node:net:970:8)
    at writeOrBuffer (node:internal/streams/writable:572:12)
    at _write (node:internal/streams/writable:501:10)
    at Writable.write (node:internal/streams/writable:510:10)
    at Console.log (/Users/anandhusatheesh/.nvm/versions/node/v20.19.0/lib/node_modules/firebase-tools/node_modules/winston/lib/winston/transports/console.js:87:23)
    at Console._write (/Users/anandhusatheesh/.nvm/versions/node/v20.19.0/lib/node_modules/firebase-tools/node_modules/winston-transport/modern.js:103:17)
    at doWrite (/Users/anandhusatheesh/.nvm/versions/node/v20.19.0/lib/node_modules/firebase-tools/node_modules/winston-transport/node_modules/readable-stream/lib/_stream_writable.js:390:139)
[error] 
[error] Error: An unexpected error has occurred.
[debug] [2025-11-04T16:16:43.552Z] Error: write EIO
    at afterWriteDispatched (node:internal/stream_base_commons:161:15)
    at writeGeneric (node:internal/stream_base_commons:152:3)
    at Socket._writeGeneric (node:net:958:11)
    at Socket._write (node:net:970:8)
    at writeOrBuffer (node:internal/streams/writable:572:12)
    at _write (node:internal/streams/writable:501:10)
    at Writable.write (node:internal/streams/writable:510:10)
    at Console.log (/Users/anandhusatheesh/.nvm/versions/node/v20.19.0/lib/node_modules/firebase-tools/node_modules/winston/lib/winston/transports/console.js:87:23)
    at Console._write (/Users/anandhusatheesh/.nvm/versions/node/v20.19.0/lib/node_modules/firebase-tools/node_modules/winston-transport/modern.js:103:17)
    at doWrite (/Users/anandhusatheesh/.nvm/versions/node/v20.19.0/lib/node_modules/firebase-tools/node_modules/winston-transport/node_modules/readable-stream/lib/_stream_writable.js:390:139)
[error] 
[error] Error: An unexpected error has occurred.
[debug] [2025-11-04T16:16:43.552Z] Error: write EIO
    at afterWriteDispatched (node:internal/stream_base_commons:161:15)
    at writeGeneric (node:internal/stream_base_commons:152:3)
    at Socket._writeGeneric (node:net:958:11)
    at Socket._write (node:net:970:8)
    at writeOrBuffer (node:internal/streams/writable:572:12)
    at _write (node:internal/streams/writable:501:10)
    at Writable.write (node:internal/streams/writable:510:10)
    at Console.log (/Users/anandhusatheesh/.nvm/versions/node/v20.19.0/lib/node_modules/firebase-tools/node_modules/winston/lib/winston/transports/console.js:87:23)
    at Console._write (/Users/anandhusatheesh/.nvm/versions/node/v20.19.0/lib/node_modules/firebase-tools/node_modules/winston-transport/modern.js:103:17)
    at doWrite (/Users/anandhusatheesh/.nvm/versions/node/v20.19.0/lib/node_modules/firebase-tools/node_modules/winston-transport/node_modules/readable-stream/lib/_stream_writable.js:390:139)
[error] 
[error] Error: An unexpected error has occurred.
[debug] [2025-11-04T16:16:43.554Z] Error: write EIO
    at afterWriteDispatched (node:internal/stream_base_commons:161:15)
    at writeGeneric (node:internal/stream_base_commons:152:3)
    at Socket._writeGeneric (node:net:958:11)
    at Socket._write (node:net:970:8)
    at writeOrBuffer (node:internal/streams/writable:572:12)
    at _write (node:internal/streams/writable:501:10)
    at Writable.write (node:internal/streams/writable:510:10)
    at Console.log (/Users/anandhusatheesh/.nvm/versions/node/v20.19.0/lib/node_modules/firebase-tools/node_modules/winston/lib/winston/transports/console.js:87:23)
    at Console._write (/Users/anandhusatheesh/.nvm/versions/node/v20.19.0/lib/node_modules/firebase-tools/node_modules/winston-transport/modern.js:103:17)
    at doWrite (/Users/anandhusatheesh/.nvm/versions/node/v20.19.0/lib/node_modules/firebase-tools/node_modules/winston-transport/node_modules/readable-stream/lib/_stream_writable.js:390:139)
[error] 
[error] Error: An unexpected error has occurred.
[debug] [2025-11-04T16:16:43.554Z] Error: write EIO
    at afterWriteDispatched (node:internal/stream_base_commons:161:15)
    at writeGeneric (node:internal/stream_base_commons:152:3)
    at Socket._writeGeneric (node:net:958:11)
    at Socket._write (node:net:970:8)
    at writeOrBuffer (node:internal/streams/writable:572:12)
    at _write (node:internal/streams/writable:501:10)
    at Writable.write (node:internal/streams/writable:510:10)
    at Console.log (/Users/anandhusatheesh/.nvm/versions/node/v20.19.0/lib/node_modules/firebase-tools/node_modules/winston/lib/winston/transports/console.js:87:23)
    at Console._write (/Users/anandhusatheesh/.nvm/versions/node/v20.19.0/lib/node_modules/firebase-tools/node_modules/winston-transport/modern.js:103:17)
    at doWrite (/Users/anandhusatheesh/.nvm/versions/node/v20.19.0/lib/node_modules/firebase-tools/node_modules/winston-transport/node_modules/readable-stream/lib/_stream_writable.js:390:139)
[error] 
[error] Error: An unexpected error has occurred.
[debug] [2025-11-04T16:16:43.554Z] Error: write EIO
    at afterWriteDispatched (node:internal/stream_base_commons:161:15)
    at writeGeneric (node:internal/stream_base_commons:152:3)
    at Socket._writeGeneric (node:net:958:11)
    at Socket._write (node:net:970:8)
    at writeOrBuffer (node:internal/streams/writable:572:12)
    at _write (node:internal/streams/writable:501:10)
    at Writable.write (node:internal/streams/writable:510:10)
    at Console.log (/Users/anandhusatheesh/.nvm/versions/node/v20.19.0/lib/node_modules/firebase-tools/node_modules/winston/lib/winston/transports/console.js:87:23)
    at Console._write (/Users/anandhusatheesh/.nvm/versions/node/v20.19.0/lib/node_modules/firebase-tools/node_modules/winston-transport/modern.js:103:17)
    at doWrite (/Users/anandhusatheesh/.nvm/versions/node/v20.19.0/lib/node_modules/firebase-tools/node_modules/winston-transport/node_modules/readable-stream/lib/_stream_writable.js:390:139)
[error] 
[error] Error: An unexpected error has occurred.
[debug] [2025-11-04T16:16:43.554Z] Error: write EIO
    at afterWriteDispatched (node:internal/stream_base_commons:161:15)
    at writeGeneric (node:internal/stream_base_commons:152:3)
    at Socket._writeGeneric (node:net:958:11)
    at Socket._write (node:net:970:8)
    at writeOrBuffer (node:internal/streams/writable:572:12)
    at _write (node:internal/streams/writable:501:10)
    at Writable.write (node:internal/streams/writable:510:10)
    at Console.log (/Users/anandhusatheesh/.nvm/versions/node/v20.19.0/lib/node_modules/firebase-tools/node_modules/winston/lib/winston/transports/console.js:87:23)
    at Console._write (/Users/anandhusatheesh/.nvm/versions/node/v20.19.0/lib/node_modules/firebase-tools/node_modules/winston-transport/modern.js:103:17)
    at doWrite (/Users/anandhusatheesh/.nvm/versions/node/v20.19.0/lib/node_modules/firebase-tools/node_modules/winston-transport/node_modules/readable-stream/lib/_stream_writable.js:390:139)
[error] 
[error] Error: An unexpected error has occurred.
[debug] [2025-11-04T16:16:43.555Z] Error: write EIO
    at afterWriteDispatched (node:internal/stream_base_commons:161:15)
    at writeGeneric (node:internal/stream_base_commons:152:3)
    at Socket._writeGeneric (node:net:958:11)
    at Socket._write (node:net:970:8)
    at writeOrBuffer (node:internal/streams/writable:572:12)
    at _write (node:internal/streams/writable:501:10)
    at Writable.write (node:internal/streams/writable:510:10)
    at Console.log (/Users/anandhusatheesh/.nvm/versions/node/v20.19.0/lib/node_modules/firebase-tools/node_modules/winston/lib/winston/transports/console.js:87:23)
    at Console._write (/Users/anandhusatheesh/.nvm/versions/node/v20.19.0/lib/node_modules/firebase-tools/node_modules/winston-transport/modern.js:103:17)
    at doWrite (/Users/anandhusatheesh/.nvm/versions/node/v20.19.0/lib/node_modules/firebase-tools/node_modules/winston-transport/node_modules/readable-stream/lib/_stream_writable.js:390:139)
[error] 
[error] Error: An unexpected error has occurred.
[info] i  emulators: Shutting down emulators. {"metadata":{"emulator":{"name":"hub"},"message":"Shutting down emulators."}}
[info] i  ui: Stopping Emulator UI {"metadata":{"emulator":{"name":"ui"},"message":"Stopping Emulator UI"}}
[info] i  hosting: Stopping Hosting Emulator {"metadata":{"emulator":{"name":"hosting"},"message":"Stopping Hosting Emulator"}}
[info] i  auth: Stopping Authentication Emulator {"metadata":{"emulator":{"name":"auth"},"message":"Stopping Authentication Emulator"}}
[info] i  storage: Stopping Storage Emulator {"metadata":{"emulator":{"name":"storage"},"message":"Stopping Storage Emulator"}}
[debug] [2025-11-04T16:16:43.602Z] Error: write EIO
    at afterWriteDispatched (node:internal/stream_base_commons:161:15)
    at writeGeneric (node:internal/stream_base_commons:152:3)
    at Socket._writeGeneric (node:net:958:11)
    at Socket._write (node:net:970:8)
    at writeOrBuffer (node:internal/streams/writable:572:12)
    at _write (node:internal/streams/writable:501:10)
    at Writable.write (node:internal/streams/writable:510:10)
    at Console.log (/Users/anandhusatheesh/.nvm/versions/node/v20.19.0/lib/node_modules/firebase-tools/node_modules/winston/lib/winston/transports/console.js:87:23)
    at Console._write (/Users/anandhusatheesh/.nvm/versions/node/v20.19.0/lib/node_modules/firebase-tools/node_modules/winston-transport/modern.js:103:17)
    at doWrite (/Users/anandhusatheesh/.nvm/versions/node/v20.19.0/lib/node_modules/firebase-tools/node_modules/winston-transport/node_modules/readable-stream/lib/_stream_writable.js:390:139)
[error] 
[error] Error: An unexpected error has occurred.
[debug] [2025-11-04T16:16:43.604Z] Error: write EIO
    at afterWriteDispatched (node:internal/stream_base_commons:161:15)
    at writeGeneric (node:internal/stream_base_commons:152:3)
    at Socket._writeGeneric (node:net:958:11)
    at Socket._write (node:net:970:8)
    at writeOrBuffer (node:internal/streams/writable:572:12)
    at _write (node:internal/streams/writable:501:10)
    at Writable.write (node:internal/streams/writable:510:10)
    at Console.log (/Users/anandhusatheesh/.nvm/versions/node/v20.19.0/lib/node_modules/firebase-tools/node_modules/winston/lib/winston/transports/console.js:87:23)
    at Console._write (/Users/anandhusatheesh/.nvm/versions/node/v20.19.0/lib/node_modules/firebase-tools/node_modules/winston-transport/modern.js:103:17)
    at doWrite (/Users/anandhusatheesh/.nvm/versions/node/v20.19.0/lib/node_modules/firebase-tools/node_modules/winston-transport/node_modules/readable-stream/lib/_stream_writable.js:390:139)
[error] 
[error] Error: An unexpected error has occurred.
[debug] [2025-11-04T16:16:43.605Z] Error: write EIO
    at afterWriteDispatched (node:internal/stream_base_commons:161:15)
    at writeGeneric (node:internal/stream_base_commons:152:3)
    at Socket._writeGeneric (node:net:958:11)
    at Socket._write (node:net:970:8)
    at writeOrBuffer (node:internal/streams/writable:572:12)
    at _write (node:internal/streams/writable:501:10)
    at Writable.write (node:internal/streams/writable:510:10)
    at Console.log (/Users/anandhusatheesh/.nvm/versions/node/v20.19.0/lib/node_modules/firebase-tools/node_modules/winston/lib/winston/transports/console.js:87:23)
    at Console._write (/Users/anandhusatheesh/.nvm/versions/node/v20.19.0/lib/node_modules/firebase-tools/node_modules/winston-transport/modern.js:103:17)
    at doWrite (/Users/anandhusatheesh/.nvm/versions/node/v20.19.0/lib/node_modules/firebase-tools/node_modules/winston-transport/node_modules/readable-stream/lib/_stream_writable.js:390:139)
[error] 
[error] Error: An unexpected error has occurred.
[debug] [2025-11-04T16:16:43.605Z] Error: write EIO
    at afterWriteDispatched (node:internal/stream_base_commons:161:15)
    at writeGeneric (node:internal/stream_base_commons:152:3)
    at Socket._writeGeneric (node:net:958:11)
    at Socket._write (node:net:970:8)
    at writeOrBuffer (node:internal/streams/writable:572:12)
    at _write (node:internal/streams/writable:501:10)
    at Writable.write (node:internal/streams/writable:510:10)
    at Console.log (/Users/anandhusatheesh/.nvm/versions/node/v20.19.0/lib/node_modules/firebase-tools/node_modules/winston/lib/winston/transports/console.js:87:23)
    at Console._write (/Users/anandhusatheesh/.nvm/versions/node/v20.19.0/lib/node_modules/firebase-tools/node_modules/winston-transport/modern.js:103:17)
    at doWrite (/Users/anandhusatheesh/.nvm/versions/node/v20.19.0/lib/node_modules/firebase-tools/node_modules/winston-transport/node_modules/readable-stream/lib/_stream_writable.js:390:139)
[error] 
[error] Error: An unexpected error has occurred.
[debug] [2025-11-04T16:16:43.605Z] Error: write EIO
    at afterWriteDispatched (node:internal/stream_base_commons:161:15)
    at writeGeneric (node:internal/stream_base_commons:152:3)
    at Socket._writeGeneric (node:net:958:11)
    at Socket._write (node:net:970:8)
    at writeOrBuffer (node:internal/streams/writable:572:12)
    at _write (node:internal/streams/writable:501:10)
    at Writable.write (node:internal/streams/writable:510:10)
    at Console.log (/Users/anandhusatheesh/.nvm/versions/node/v20.19.0/lib/node_modules/firebase-tools/node_modules/winston/lib/winston/transports/console.js:87:23)
    at Console._write (/Users/anandhusatheesh/.nvm/versions/node/v20.19.0/lib/node_modules/firebase-tools/node_modules/winston-transport/modern.js:103:17)
    at doWrite (/Users/anandhusatheesh/.nvm/versions/node/v20.19.0/lib/node_modules/firebase-tools/node_modules/winston-transport/node_modules/readable-stream/lib/_stream_writable.js:390:139)
[error] 
[error] Error: An unexpected error has occurred.
[debug] [2025-11-04T16:16:43.605Z] Error: write EIO
    at afterWriteDispatched (node:internal/stream_base_commons:161:15)
    at writeGeneric (node:internal/stream_base_commons:152:3)
    at Socket._writeGeneric (node:net:958:11)
    at Socket._write (node:net:970:8)
    at writeOrBuffer (node:internal/streams/writable:572:12)
    at _write (node:internal/streams/writable:501:10)
    at Writable.write (node:internal/streams/writable:510:10)
    at Console.log (/Users/anandhusatheesh/.nvm/versions/node/v20.19.0/lib/node_modules/firebase-tools/node_modules/winston/lib/winston/transports/console.js:87:23)
    at Console._write (/Users/anandhusatheesh/.nvm/versions/node/v20.19.0/lib/node_modules/firebase-tools/node_modules/winston-transport/modern.js:103:17)
    at doWrite (/Users/anandhusatheesh/.nvm/versions/node/v20.19.0/lib/node_modules/firebase-tools/node_modules/winston-transport/node_modules/readable-stream/lib/_stream_writable.js:390:139)
[error] 
[error] Error: An unexpected error has occurred.
[debug] [2025-11-04T16:16:43.606Z] Error: write EIO
    at afterWriteDispatched (node:internal/stream_base_commons:161:15)
    at writeGeneric (node:internal/stream_base_commons:152:3)
    at Socket._writeGeneric (node:net:958:11)
    at Socket._write (node:net:970:8)
    at writeOrBuffer (node:internal/streams/writable:572:12)
    at _write (node:internal/streams/writable:501:10)
    at Writable.write (node:internal/streams/writable:510:10)
    at Console.log (/Users/anandhusatheesh/.nvm/versions/node/v20.19.0/lib/node_modules/firebase-tools/node_modules/winston/lib/winston/transports/console.js:87:23)
    at Console._write (/Users/anandhusatheesh/.nvm/versions/node/v20.19.0/lib/node_modules/firebase-tools/node_modules/winston-transport/modern.js:103:17)
    at doWrite (/Users/anandhusatheesh/.nvm/versions/node/v20.19.0/lib/node_modules/firebase-tools/node_modules/winston-transport/node_modules/readable-stream/lib/_stream_writable.js:390:139)
[error] 
[error] Error: An unexpected error has occurred.
[debug] [2025-11-04T16:16:43.606Z] Error: write EIO
    at afterWriteDispatched (node:internal/stream_base_commons:161:15)
    at writeGeneric (node:internal/stream_base_commons:152:3)
    at Socket._writeGeneric (node:net:958:11)
    at Socket._write (node:net:970:8)
    at writeOrBuffer (node:internal/streams/writable:572:12)
    at _write (node:internal/streams/writable:501:10)
    at Writable.write (node:internal/streams/writable:510:10)
    at Console.log (/Users/anandhusatheesh/.nvm/versions/node/v20.19.0/lib/node_modules/firebase-tools/node_modules/winston/lib/winston/transports/console.js:87:23)
    at Console._write (/Users/anandhusatheesh/.nvm/versions/node/v20.19.0/lib/node_modules/firebase-tools/node_modules/winston-transport/modern.js:103:17)
    at doWrite (/Users/anandhusatheesh/.nvm/versions/node/v20.19.0/lib/node_modules/firebase-tools/node_modules/winston-transport/node_modules/readable-stream/lib/_stream_writable.js:390:139)
[error] 
[error] Error: An unexpected error has occurred.
[debug] [2025-11-04T16:16:43.606Z] Error: write EIO
    at afterWriteDispatched (node:internal/stream_base_commons:161:15)
    at writeGeneric (node:internal/stream_base_commons:152:3)
    at Socket._writeGeneric (node:net:958:11)
    at Socket._write (node:net:970:8)
    at writeOrBuffer (node:internal/streams/writable:572:12)
    at _write (node:internal/streams/writable:501:10)
    at Writable.write (node:internal/streams/writable:510:10)
    at Console.log (/Users/anandhusatheesh/.nvm/versions/node/v20.19.0/lib/node_modules/firebase-tools/node_modules/winston/lib/winston/transports/console.js:87:23)
    at Console._write (/Users/anandhusatheesh/.nvm/versions/node/v20.19.0/lib/node_modules/firebase-tools/node_modules/winston-transport/modern.js:103:17)
    at doWrite (/Users/anandhusatheesh/.nvm/versions/node/v20.19.0/lib/node_modules/firebase-tools/node_modules/winston-transport/node_modules/readable-stream/lib/_stream_writable.js:390:139)
[error] 
[error] Error: An unexpected error has occurred.
[debug] [2025-11-04T16:16:43.606Z] Error: write EIO
    at afterWriteDispatched (node:internal/stream_base_commons:161:15)
    at writeGeneric (node:internal/stream_base_commons:152:3)
    at Socket._writeGeneric (node:net:958:11)
    at Socket._write (node:net:970:8)
    at writeOrBuffer (node:internal/streams/writable:572:12)
    at _write (node:internal/streams/writable:501:10)
    at Writable.write (node:internal/streams/writable:510:10)
    at Console.log (/Users/anandhusatheesh/.nvm/versions/node/v20.19.0/lib/node_modules/firebase-tools/node_modules/winston/lib/winston/transports/console.js:87:23)
    at Console._write (/Users/anandhusatheesh/.nvm/versions/node/v20.19.0/lib/node_modules/firebase-tools/node_modules/winston-transport/modern.js:103:17)
    at doWrite (/Users/anandhusatheesh/.nvm/versions/node/v20.19.0/lib/node_modules/firebase-tools/node_modules/winston-transport/node_modules/readable-stream/lib/_stream_writable.js:390:139)
[error] 
[error] Error: An unexpected error has occurred.
[debug] [2025-11-04T16:16:43.606Z] Error: write EIO
    at afterWriteDispatched (node:internal/stream_base_commons:161:15)
    at writeGeneric (node:internal/stream_base_commons:152:3)
    at Socket._writeGeneric (node:net:958:11)
    at Socket._write (node:net:970:8)
    at writeOrBuffer (node:internal/streams/writable:572:12)
    at _write (node:internal/streams/writable:501:10)
    at Writable.write (node:internal/streams/writable:510:10)
    at Console.log (/Users/anandhusatheesh/.nvm/versions/node/v20.19.0/lib/node_modules/firebase-tools/node_modules/winston/lib/winston/transports/console.js:87:23)
    at Console._write (/Users/anandhusatheesh/.nvm/versions/node/v20.19.0/lib/node_modules/firebase-tools/node_modules/winston-transport/modern.js:103:17)
    at doWrite (/Users/anandhusatheesh/.nvm/versions/node/v20.19.0/lib/node_modules/firebase-tools/node_modules/winston-transport/node_modules/readable-stream/lib/_stream_writable.js:390:139)
[error] 
[error] Error: An unexpected error has occurred.
[debug] [2025-11-04T16:16:43.606Z] Error: write EIO
    at afterWriteDispatched (node:internal/stream_base_commons:161:15)
    at writeGeneric (node:internal/stream_base_commons:152:3)
    at Socket._writeGeneric (node:net:958:11)
    at Socket._write (node:net:970:8)
    at writeOrBuffer (node:internal/streams/writable:572:12)
    at _write (node:internal/streams/writable:501:10)
    at Writable.write (node:internal/streams/writable:510:10)
    at Console.log (/Users/anandhusatheesh/.nvm/versions/node/v20.19.0/lib/node_modules/firebase-tools/node_modules/winston/lib/winston/transports/console.js:87:23)
    at Console._write (/Users/anandhusatheesh/.nvm/versions/node/v20.19.0/lib/node_modules/firebase-tools/node_modules/winston-transport/modern.js:103:17)
    at doWrite (/Users/anandhusatheesh/.nvm/versions/node/v20.19.0/lib/node_modules/firebase-tools/node_modules/winston-transport/node_modules/readable-stream/lib/_stream_writable.js:390:139)
[error] 
[error] Error: An unexpected error has occurred.
[debug] [2025-11-04T16:16:43.607Z] Error: write EIO
    at afterWriteDispatched (node:internal/stream_base_commons:161:15)
    at writeGeneric (node:internal/stream_base_commons:152:3)
    at Socket._writeGeneric (node:net:958:11)
    at Socket._write (node:net:970:8)
    at writeOrBuffer (node:internal/streams/writable:572:12)
    at _write (node:internal/streams/writable:501:10)
    at Writable.write (node:internal/streams/writable:510:10)
    at Console.log (/Users/anandhusatheesh/.nvm/versions/node/v20.19.0/lib/node_modules/firebase-tools/node_modules/winston/lib/winston/transports/console.js:87:23)
    at Console._write (/Users/anandhusatheesh/.nvm/versions/node/v20.19.0/lib/node_modules/firebase-tools/node_modules/winston-transport/modern.js:103:17)
    at doWrite (/Users/anandhusatheesh/.nvm/versions/node/v20.19.0/lib/node_modules/firebase-tools/node_modules/winston-transport/node_modules/readable-stream/lib/_stream_writable.js:390:139)
[error] 
[error] Error: An unexpected error has occurred.
[debug] [2025-11-04T16:16:43.607Z] Error: write EIO
    at afterWriteDispatched (node:internal/stream_base_commons:161:15)
    at writeGeneric (node:internal/stream_base_commons:152:3)
    at Socket._writeGeneric (node:net:958:11)
    at Socket._write (node:net:970:8)
    at writeOrBuffer (node:internal/streams/writable:572:12)
    at _write (node:internal/streams/writable:501:10)
    at Writable.write (node:internal/streams/writable:510:10)
    at Console.log (/Users/anandhusatheesh/.nvm/versions/node/v20.19.0/lib/node_modules/firebase-tools/node_modules/winston/lib/winston/transports/console.js:87:23)
    at Console._write (/Users/anandhusatheesh/.nvm/versions/node/v20.19.0/lib/node_modules/firebase-tools/node_modules/winston-transport/modern.js:103:17)
    at doWrite (/Users/anandhusatheesh/.nvm/versions/node/v20.19.0/lib/node_modules/firebase-tools/node_modules/winston-transport/node_modules/readable-stream/lib/_stream_writable.js:390:139)
[error] 
[error] Error: An unexpected error has occurred.
[debug] [2025-11-04T16:16:43.607Z] Error: write EIO
    at afterWriteDispatched (node:internal/stream_base_commons:161:15)
    at writeGeneric (node:internal/stream_base_commons:152:3)
    at Socket._writeGeneric (node:net:958:11)
    at Socket._write (node:net:970:8)
    at writeOrBuffer (node:internal/streams/writable:572:12)
    at _write (node:internal/streams/writable:501:10)
    at Writable.write (node:internal/streams/writable:510:10)
    at Console.log (/Users/anandhusatheesh/.nvm/versions/node/v20.19.0/lib/node_modules/firebase-tools/node_modules/winston/lib/winston/transports/console.js:87:23)
    at Console._write (/Users/anandhusatheesh/.nvm/versions/node/v20.19.0/lib/node_modules/firebase-tools/node_modules/winston-transport/modern.js:103:17)
    at doWrite (/Users/anandhusatheesh/.nvm/versions/node/v20.19.0/lib/node_modules/firebase-tools/node_modules/winston-transport/node_modules/readable-stream/lib/_stream_writable.js:390:139)
[error] 
[error] Error: An unexpected error has occurred.
[debug] [2025-11-04T16:16:43.607Z] Error: write EIO
    at afterWriteDispatched (node:internal/stream_base_commons:161:15)
    at writeGeneric (node:internal/stream_base_commons:152:3)
    at Socket._writeGeneric (node:net:958:11)
    at Socket._write (node:net:970:8)
    at writeOrBuffer (node:internal/streams/writable:572:12)
    at _write (node:internal/streams/writable:501:10)
    at Writable.write (node:internal/streams/writable:510:10)
    at Console.log (/Users/anandhusatheesh/.nvm/versions/node/v20.19.0/lib/node_modules/firebase-tools/node_modules/winston/lib/winston/transports/console.js:87:23)
    at Console._write (/Users/anandhusatheesh/.nvm/versions/node/v20.19.0/lib/node_modules/firebase-tools/node_modules/winston-transport/modern.js:103:17)
    at doWrite (/Users/anandhusatheesh/.nvm/versions/node/v20.19.0/lib/node_modules/firebase-tools/node_modules/winston-transport/node_modules/readable-stream/lib/_stream_writable.js:390:139)
[error] 
[error] Error: An unexpected error has occurred.
[debug] [2025-11-04T16:16:43.613Z] Error: write EIO
    at afterWriteDispatched (node:internal/stream_base_commons:161:15)
    at writeGeneric (node:internal/stream_base_commons:152:3)
    at Socket._writeGeneric (node:net:958:11)
    at Socket._write (node:net:970:8)
    at writeOrBuffer (node:internal/streams/writable:572:12)
    at _write (node:internal/streams/writable:501:10)
    at Writable.write (node:internal/streams/writable:510:10)
    at Console.log (/Users/anandhusatheesh/.nvm/versions/node/v20.19.0/lib/node_modules/firebase-tools/node_modules/winston/lib/winston/transports/console.js:87:23)
    at Console._write (/Users/anandhusatheesh/.nvm/versions/node/v20.19.0/lib/node_modules/firebase-tools/node_modules/winston-transport/modern.js:103:17)
    at doWrite (/Users/anandhusatheesh/.nvm/versions/node/v20.19.0/lib/node_modules/firebase-tools/node_modules/winston-transport/node_modules/readable-stream/lib/_stream_writable.js:390:139)
[error] 
[error] Error: An unexpected error has occurred.
[debug] [2025-11-04T16:16:43.616Z] Error: write EIO
    at afterWriteDispatched (node:internal/stream_base_commons:161:15)
    at writeGeneric (node:internal/stream_base_commons:152:3)
    at Socket._writeGeneric (node:net:958:11)
    at Socket._write (node:net:970:8)
    at writeOrBuffer (node:internal/streams/writable:572:12)
    at _write (node:internal/streams/writable:501:10)
    at Writable.write (node:internal/streams/writable:510:10)
    at Console.log (/Users/anandhusatheesh/.nvm/versions/node/v20.19.0/lib/node_modules/firebase-tools/node_modules/winston/lib/winston/transports/console.js:87:23)
    at Console._write (/Users/anandhusatheesh/.nvm/versions/node/v20.19.0/lib/node_modules/firebase-tools/node_modules/winston-transport/modern.js:103:17)
    at doWrite (/Users/anandhusatheesh/.nvm/versions/node/v20.19.0/lib/node_modules/firebase-tools/node_modules/winston-transport/node_modules/readable-stream/lib/_stream_writable.js:390:139)
[error] 
[error] Error: An unexpected error has occurred.
[debug] [2025-11-04T16:16:43.616Z] Error: write EIO
    at afterWriteDispatched (node:internal/stream_base_commons:161:15)
    at writeGeneric (node:internal/stream_base_commons:152:3)
    at Socket._writeGeneric (node:net:958:11)
    at Socket._write (node:net:970:8)
    at writeOrBuffer (node:internal/streams/writable:572:12)
    at _write (node:internal/streams/writable:501:10)
    at Writable.write (node:internal/streams/writable:510:10)
    at Console.log (/Users/anandhusatheesh/.nvm/versions/node/v20.19.0/lib/node_modules/firebase-tools/node_modules/winston/lib/winston/transports/console.js:87:23)
    at Console._write (/Users/anandhusatheesh/.nvm/versions/node/v20.19.0/lib/node_modules/firebase-tools/node_modules/winston-transport/modern.js:103:17)
    at doWrite (/Users/anandhusatheesh/.nvm/versions/node/v20.19.0/lib/node_modules/firebase-tools/node_modules/winston-transport/node_modules/readable-stream/lib/_stream_writable.js:390:139)
[error] 
[error] Error: An unexpected error has occurred.
[debug] [2025-11-04T16:16:43.616Z] Error: write EIO
    at afterWriteDispatched (node:internal/stream_base_commons:161:15)
    at writeGeneric (node:internal/stream_base_commons:152:3)
    at Socket._writeGeneric (node:net:958:11)
    at Socket._write (node:net:970:8)
    at writeOrBuffer (node:internal/streams/writable:572:12)
    at _write (node:internal/streams/writable:501:10)
    at Writable.write (node:internal/streams/writable:510:10)
    at Console.log (/Users/anandhusatheesh/.nvm/versions/node/v20.19.0/lib/node_modules/firebase-tools/node_modules/winston/lib/winston/transports/console.js:87:23)
    at Console._write (/Users/anandhusatheesh/.nvm/versions/node/v20.19.0/lib/node_modules/firebase-tools/node_modules/winston-transport/modern.js:103:17)
    at doWrite (/Users/anandhusatheesh/.nvm/versions/node/v20.19.0/lib/node_modules/firebase-tools/node_modules/winston-transport/node_modules/readable-stream/lib/_stream_writable.js:390:139)
[error] 
[error] Error: An unexpected error has occurred.
[debug] [2025-11-04T16:16:43.617Z] Error: write EIO
    at afterWriteDispatched (node:internal/stream_base_commons:161:15)
    at writeGeneric (node:internal/stream_base_commons:152:3)
    at Socket._writeGeneric (node:net:958:11)
    at Socket._write (node:net:970:8)
    at writeOrBuffer (node:internal/streams/writable:572:12)
    at _write (node:internal/streams/writable:501:10)
    at Writable.write (node:internal/streams/writable:510:10)
    at Console.log (/Users/anandhusatheesh/.nvm/versions/node/v20.19.0/lib/node_modules/firebase-tools/node_modules/winston/lib/winston/transports/console.js:87:23)
    at Console._write (/Users/anandhusatheesh/.nvm/versions/node/v20.19.0/lib/node_modules/firebase-tools/node_modules/winston-transport/modern.js:103:17)
    at doWrite (/Users/anandhusatheesh/.nvm/versions/node/v20.19.0/lib/node_modules/firebase-tools/node_modules/winston-transport/node_modules/readable-stream/lib/_stream_writable.js:390:139)
[error] 
[error] Error: An unexpected error has occurred.
[debug] [2025-11-04T16:16:43.617Z] Error: write EIO
    at afterWriteDispatched (node:internal/stream_base_commons:161:15)
    at writeGeneric (node:internal/stream_base_commons:152:3)
    at Socket._writeGeneric (node:net:958:11)
    at Socket._write (node:net:970:8)
    at writeOrBuffer (node:internal/streams/writable:572:12)
    at _write (node:internal/streams/writable:501:10)
    at Writable.write (node:internal/streams/writable:510:10)
    at Console.log (/Users/anandhusatheesh/.nvm/versions/node/v20.19.0/lib/node_modules/firebase-tools/node_modules/winston/lib/winston/transports/console.js:87:23)
    at Console._write (/Users/anandhusatheesh/.nvm/versions/node/v20.19.0/lib/node_modules/firebase-tools/node_modules/winston-transport/modern.js:103:17)
    at doWrite (/Users/anandhusatheesh/.nvm/versions/node/v20.19.0/lib/node_modules/firebase-tools/node_modules/winston-transport/node_modules/readable-stream/lib/_stream_writable.js:390:139)
[error] 
[error] Error: An unexpected error has occurred.
[debug] [2025-11-04T16:16:43.617Z] Error: write EIO
    at afterWriteDispatched (node:internal/stream_base_commons:161:15)
    at writeGeneric (node:internal/stream_base_commons:152:3)
    at Socket._writeGeneric (node:net:958:11)
    at Socket._write (node:net:970:8)
    at writeOrBuffer (node:internal/streams/writable:572:12)
    at _write (node:internal/streams/writable:501:10)
    at Writable.write (node:internal/streams/writable:510:10)
    at Console.log (/Users/anandhusatheesh/.nvm/versions/node/v20.19.0/lib/node_modules/firebase-tools/node_modules/winston/lib/winston/transports/console.js:87:23)
    at Console._write (/Users/anandhusatheesh/.nvm/versions/node/v20.19.0/lib/node_modules/firebase-tools/node_modules/winston-transport/modern.js:103:17)
    at doWrite (/Users/anandhusatheesh/.nvm/versions/node/v20.19.0/lib/node_modules/firebase-tools/node_modules/winston-transport/node_modules/readable-stream/lib/_stream_writable.js:390:139)
[error] 
[error] Error: An unexpected error has occurred.
[debug] [2025-11-04T16:16:43.617Z] Error: write EIO
    at afterWriteDispatched (node:internal/stream_base_commons:161:15)
    at writeGeneric (node:internal/stream_base_commons:152:3)
    at Socket._writeGeneric (node:net:958:11)
    at Socket._write (node:net:970:8)
    at writeOrBuffer (node:internal/streams/writable:572:12)
    at _write (node:internal/streams/writable:501:10)
    at Writable.write (node:internal/streams/writable:510:10)
    at Console.log (/Users/anandhusatheesh/.nvm/versions/node/v20.19.0/lib/node_modules/firebase-tools/node_modules/winston/lib/winston/transports/console.js:87:23)
    at Console._write (/Users/anandhusatheesh/.nvm/versions/node/v20.19.0/lib/node_modules/firebase-tools/node_modules/winston-transport/modern.js:103:17)
    at doWrite (/Users/anandhusatheesh/.nvm/versions/node/v20.19.0/lib/node_modules/firebase-tools/node_modules/winston-transport/node_modules/readable-stream/lib/_stream_writable.js:390:139)
[error] 
[error] Error: An unexpected error has occurred.
[debug] [2025-11-04T16:16:43.618Z] Error: write EIO
    at afterWriteDispatched (node:internal/stream_base_commons:161:15)
    at writeGeneric (node:internal/stream_base_commons:152:3)
    at Socket._writeGeneric (node:net:958:11)
    at Socket._write (node:net:970:8)
    at writeOrBuffer (node:internal/streams/writable:572:12)
    at _write (node:internal/streams/writable:501:10)
    at Writable.write (node:internal/streams/writable:510:10)
    at Console.log (/Users/anandhusatheesh/.nvm/versions/node/v20.19.0/lib/node_modules/firebase-tools/node_modules/winston/lib/winston/transports/console.js:87:23)
    at Console._write (/Users/anandhusatheesh/.nvm/versions/node/v20.19.0/lib/node_modules/firebase-tools/node_modules/winston-transport/modern.js:103:17)
    at doWrite (/Users/anandhusatheesh/.nvm/versions/node/v20.19.0/lib/node_modules/firebase-tools/node_modules/winston-transport/node_modules/readable-stream/lib/_stream_writable.js:390:139)
[error] 
[error] Error: An unexpected error has occurred.
[debug] [2025-11-04T16:16:43.618Z] Error: write EIO
    at afterWriteDispatched (node:internal/stream_base_commons:161:15)
    at writeGeneric (node:internal/stream_base_commons:152:3)
    at Socket._writeGeneric (node:net:958:11)
    at Socket._write (node:net:970:8)
    at writeOrBuffer (node:internal/streams/writable:572:12)
    at _write (node:internal/streams/writable:501:10)
    at Writable.write (node:internal/streams/writable:510:10)
    at Console.log (/Users/anandhusatheesh/.nvm/versions/node/v20.19.0/lib/node_modules/firebase-tools/node_modules/winston/lib/winston/transports/console.js:87:23)
    at Console._write (/Users/anandhusatheesh/.nvm/versions/node/v20.19.0/lib/node_modules/firebase-tools/node_modules/winston-transport/modern.js:103:17)
    at doWrite (/Users/anandhusatheesh/.nvm/versions/node/v20.19.0/lib/node_modules/firebase-tools/node_modules/winston-transport/node_modules/readable-stream/lib/_stream_writable.js:390:139)
[error] 
[error] Error: An unexpected error has occurred.
[debug] [2025-11-04T16:16:43.618Z] Error: write EIO
    at afterWriteDispatched (node:internal/stream_base_commons:161:15)
    at writeGeneric (node:internal/stream_base_commons:152:3)
    at Socket._writeGeneric (node:net:958:11)
    at Socket._write (node:net:970:8)
    at writeOrBuffer (node:internal/streams/writable:572:12)
    at _write (node:internal/streams/writable:501:10)
    at Writable.write (node:internal/streams/writable:510:10)
    at Console.log (/Users/anandhusatheesh/.nvm/versions/node/v20.19.0/lib/node_modules/firebase-tools/node_modules/winston/lib/winston/transports/console.js:87:23)
    at Console._write (/Users/anandhusatheesh/.nvm/versions/node/v20.19.0/lib/node_modules/firebase-tools/node_modules/winston-transport/modern.js:103:17)
    at doWrite (/Users/anandhusatheesh/.nvm/versions/node/v20.19.0/lib/node_modules/firebase-tools/node_modules/winston-transport/node_modules/readable-stream/lib/_stream_writable.js:390:139)
[error] 
[error] Error: An unexpected error has occurred.
[debug] [2025-11-04T16:16:43.618Z] Error: write EIO
    at afterWriteDispatched (node:internal/stream_base_commons:161:15)
    at writeGeneric (node:internal/stream_base_commons:152:3)
    at Socket._writeGeneric (node:net:958:11)
    at Socket._write (node:net:970:8)
    at writeOrBuffer (node:internal/streams/writable:572:12)
    at _write (node:internal/streams/writable:501:10)
    at Writable.write (node:internal/streams/writable:510:10)
    at Console.log (/Users/anandhusatheesh/.nvm/versions/node/v20.19.0/lib/node_modules/firebase-tools/node_modules/winston/lib/winston/transports/console.js:87:23)
    at Console._write (/Users/anandhusatheesh/.nvm/versions/node/v20.19.0/lib/node_modules/firebase-tools/node_modules/winston-transport/modern.js:103:17)
    at doWrite (/Users/anandhusatheesh/.nvm/versions/node/v20.19.0/lib/node_modules/firebase-tools/node_modules/winston-transport/node_modules/readable-stream/lib/_stream_writable.js:390:139)
[error] 
[error] Error: An unexpected error has occurred.
[debug] [2025-11-04T16:16:43.619Z] Error: write EIO
    at afterWriteDispatched (node:internal/stream_base_commons:161:15)
    at writeGeneric (node:internal/stream_base_commons:152:3)
    at Socket._writeGeneric (node:net:958:11)
    at Socket._write (node:net:970:8)
    at writeOrBuffer (node:internal/streams/writable:572:12)
    at _write (node:internal/streams/writable:501:10)
    at Writable.write (node:internal/streams/writable:510:10)
    at Console.log (/Users/anandhusatheesh/.nvm/versions/node/v20.19.0/lib/node_modules/firebase-tools/node_modules/winston/lib/winston/transports/console.js:87:23)
    at Console._write (/Users/anandhusatheesh/.nvm/versions/node/v20.19.0/lib/node_modules/firebase-tools/node_modules/winston-transport/modern.js:103:17)
    at doWrite (/Users/anandhusatheesh/.nvm/versions/node/v20.19.0/lib/node_modules/firebase-tools/node_modules/winston-transport/node_modules/readable-stream/lib/_stream_writable.js:390:139)
[error] 
[error] Error: An unexpected error has occurred.
[debug] [2025-11-04T16:16:43.619Z] Error: write EIO
    at afterWriteDispatched (node:internal/stream_base_commons:161:15)
    at writeGeneric (node:internal/stream_base_commons:152:3)
    at Socket._writeGeneric (node:net:958:11)
    at Socket._write (node:net:970:8)
    at writeOrBuffer (node:internal/streams/writable:572:12)
    at _write (node:internal/streams/writable:501:10)
    at Writable.write (node:internal/streams/writable:510:10)
    at Console.log (/Users/anandhusatheesh/.nvm/versions/node/v20.19.0/lib/node_modules/firebase-tools/node_modules/winston/lib/winston/transports/console.js:87:23)
    at Console._write (/Users/anandhusatheesh/.nvm/versions/node/v20.19.0/lib/node_modules/firebase-tools/node_modules/winston-transport/modern.js:103:17)
    at doWrite (/Users/anandhusatheesh/.nvm/versions/node/v20.19.0/lib/node_modules/firebase-tools/node_modules/winston-transport/node_modules/readable-stream/lib/_stream_writable.js:390:139)
[error] 
[error] Error: An unexpected error has occurred.
[debug] [2025-11-04T16:16:43.619Z] Error: write EIO
    at afterWriteDispatched (node:internal/stream_base_commons:161:15)
    at writeGeneric (node:internal/stream_base_commons:152:3)
    at Socket._writeGeneric (node:net:958:11)
    at Socket._write (node:net:970:8)
    at writeOrBuffer (node:internal/streams/writable:572:12)
    at _write (node:internal/streams/writable:501:10)
    at Writable.write (node:internal/streams/writable:510:10)
    at Console.log (/Users/anandhusatheesh/.nvm/versions/node/v20.19.0/lib/node_modules/firebase-tools/node_modules/winston/lib/winston/transports/console.js:87:23)
    at Console._write (/Users/anandhusatheesh/.nvm/versions/node/v20.19.0/lib/node_modules/firebase-tools/node_modules/winston-transport/modern.js:103:17)
    at doWrite (/Users/anandhusatheesh/.nvm/versions/node/v20.19.0/lib/node_modules/firebase-tools/node_modules/winston-transport/node_modules/readable-stream/lib/_stream_writable.js:390:139)
[error] 
[error] Error: An unexpected error has occurred.
[debug] [2025-11-04T16:16:43.619Z] Error: write EIO
    at afterWriteDispatched (node:internal/stream_base_commons:161:15)
    at writeGeneric (node:internal/stream_base_commons:152:3)
    at Socket._writeGeneric (node:net:958:11)
    at Socket._write (node:net:970:8)
    at writeOrBuffer (node:internal/streams/writable:572:12)
    at _write (node:internal/streams/writable:501:10)
    at Writable.write (node:internal/streams/writable:510:10)
    at Console.log (/Users/anandhusatheesh/.nvm/versions/node/v20.19.0/lib/node_modules/firebase-tools/node_modules/winston/lib/winston/transports/console.js:87:23)
    at Console._write (/Users/anandhusatheesh/.nvm/versions/node/v20.19.0/lib/node_modules/firebase-tools/node_modules/winston-transport/modern.js:103:17)
    at doWrite (/Users/anandhusatheesh/.nvm/versions/node/v20.19.0/lib/node_modules/firebase-tools/node_modules/winston-transport/node_modules/readable-stream/lib/_stream_writable.js:390:139)
[error] 
[error] Error: An unexpected error has occurred.
[debug] [2025-11-04T16:16:43.621Z] Error: write EIO
    at afterWriteDispatched (node:internal/stream_base_commons:161:15)
    at writeGeneric (node:internal/stream_base_commons:152:3)
    at Socket._writeGeneric (node:net:958:11)
    at Socket._write (node:net:970:8)
    at writeOrBuffer (node:internal/streams/writable:572:12)
    at _write (node:internal/streams/writable:501:10)
    at Writable.write (node:internal/streams/writable:510:10)
    at Console.log (/Users/anandhusatheesh/.nvm/versions/node/v20.19.0/lib/node_modules/firebase-tools/node_modules/winston/lib/winston/transports/console.js:87:23)
    at Console._write (/Users/anandhusatheesh/.nvm/versions/node/v20.19.0/lib/node_modules/firebase-tools/node_modules/winston-transport/modern.js:103:17)
    at doWrite (/Users/anandhusatheesh/.nvm/versions/node/v20.19.0/lib/node_modules/firebase-tools/node_modules/winston-transport/node_modules/readable-stream/lib/_stream_writable.js:390:139)
[error] 
[error] Error: An unexpected error has occurred.
[debug] [2025-11-04T16:16:43.623Z] Stopping rules runtime. {"metadata":{"emulator":{"name":"storage"},"message":"Stopping rules runtime."}}
[debug] [2025-11-04T16:16:43.625Z] Error: write EIO
    at afterWriteDispatched (node:internal/stream_base_commons:161:15)
    at writeGeneric (node:internal/stream_base_commons:152:3)
    at Socket._writeGeneric (node:net:958:11)
    at Socket._write (node:net:970:8)
    at writeOrBuffer (node:internal/streams/writable:572:12)
    at _write (node:internal/streams/writable:501:10)
    at Writable.write (node:internal/streams/writable:510:10)
    at Console.log (/Users/anandhusatheesh/.nvm/versions/node/v20.19.0/lib/node_modules/firebase-tools/node_modules/winston/lib/winston/transports/console.js:87:23)
    at Console._write (/Users/anandhusatheesh/.nvm/versions/node/v20.19.0/lib/node_modules/firebase-tools/node_modules/winston-transport/modern.js:103:17)
    at doWrite (/Users/anandhusatheesh/.nvm/versions/node/v20.19.0/lib/node_modules/firebase-tools/node_modules/winston-transport/node_modules/readable-stream/lib/_stream_writable.js:390:139)
[error] 
[error] Error: An unexpected error has occurred.
[debug] [2025-11-04T16:16:43.626Z] Error: write EIO
    at afterWriteDispatched (node:internal/stream_base_commons:161:15)
    at writeGeneric (node:internal/stream_base_commons:152:3)
    at Socket._writeGeneric (node:net:958:11)
    at Socket._write (node:net:970:8)
    at writeOrBuffer (node:internal/streams/writable:572:12)
    at _write (node:internal/streams/writable:501:10)
    at Writable.write (node:internal/streams/writable:510:10)
    at Console.log (/Users/anandhusatheesh/.nvm/versions/node/v20.19.0/lib/node_modules/firebase-tools/node_modules/winston/lib/winston/transports/console.js:87:23)
    at Console._write (/Users/anandhusatheesh/.nvm/versions/node/v20.19.0/lib/node_modules/firebase-tools/node_modules/winston-transport/modern.js:103:17)
    at doWrite (/Users/anandhusatheesh/.nvm/versions/node/v20.19.0/lib/node_modules/firebase-tools/node_modules/winston-transport/node_modules/readable-stream/lib/_stream_writable.js:390:139)
[error] 
[error] Error: An unexpected error has occurred.
[debug] [2025-11-04T16:16:43.626Z] Error: write EIO
    at afterWriteDispatched (node:internal/stream_base_commons:161:15)
    at writeGeneric (node:internal/stream_base_commons:152:3)
    at Socket._writeGeneric (node:net:958:11)
    at Socket._write (node:net:970:8)
    at writeOrBuffer (node:internal/streams/writable:572:12)
    at _write (node:internal/streams/writable:501:10)
    at Writable.write (node:internal/streams/writable:510:10)
    at Console.log (/Users/anandhusatheesh/.nvm/versions/node/v20.19.0/lib/node_modules/firebase-tools/node_modules/winston/lib/winston/transports/console.js:87:23)
    at Console._write (/Users/anandhusatheesh/.nvm/versions/node/v20.19.0/lib/node_modules/firebase-tools/node_modules/winston-transport/modern.js:103:17)
    at doWrite (/Users/anandhusatheesh/.nvm/versions/node/v20.19.0/lib/node_modules/firebase-tools/node_modules/winston-transport/node_modules/readable-stream/lib/_stream_writable.js:390:139)
[error] 
[error] Error: An unexpected error has occurred.
[debug] [2025-11-04T16:16:43.626Z] Error: write EIO
    at afterWriteDispatched (node:internal/stream_base_commons:161:15)
    at writeGeneric (node:internal/stream_base_commons:152:3)
    at Socket._writeGeneric (node:net:958:11)
    at Socket._write (node:net:970:8)
    at writeOrBuffer (node:internal/streams/writable:572:12)
    at _write (node:internal/streams/writable:501:10)
    at Writable.write (node:internal/streams/writable:510:10)
    at Console.log (/Users/anandhusatheesh/.nvm/versions/node/v20.19.0/lib/node_modules/firebase-tools/node_modules/winston/lib/winston/transports/console.js:87:23)
    at Console._write (/Users/anandhusatheesh/.nvm/versions/node/v20.19.0/lib/node_modules/firebase-tools/node_modules/winston-transport/modern.js:103:17)
    at doWrite (/Users/anandhusatheesh/.nvm/versions/node/v20.19.0/lib/node_modules/firebase-tools/node_modules/winston-transport/node_modules/readable-stream/lib/_stream_writable.js:390:139)
[error] 
[error] Error: An unexpected error has occurred.
[debug] [2025-11-04T16:16:43.626Z] Error: write EIO
    at afterWriteDispatched (node:internal/stream_base_commons:161:15)
    at writeGeneric (node:internal/stream_base_commons:152:3)
    at Socket._writeGeneric (node:net:958:11)
    at Socket._write (node:net:970:8)
    at writeOrBuffer (node:internal/streams/writable:572:12)
    at _write (node:internal/streams/writable:501:10)
    at Writable.write (node:internal/streams/writable:510:10)
    at Console.log (/Users/anandhusatheesh/.nvm/versions/node/v20.19.0/lib/node_modules/firebase-tools/node_modules/winston/lib/winston/transports/console.js:87:23)
    at Console._write (/Users/anandhusatheesh/.nvm/versions/node/v20.19.0/lib/node_modules/firebase-tools/node_modules/winston-transport/modern.js:103:17)
    at doWrite (/Users/anandhusatheesh/.nvm/versions/node/v20.19.0/lib/node_modules/firebase-tools/node_modules/winston-transport/node_modules/readable-stream/lib/_stream_writable.js:390:139)
[error] 
[error] Error: An unexpected error has occurred.
[debug] [2025-11-04T16:16:43.627Z] Error: write EIO
    at afterWriteDispatched (node:internal/stream_base_commons:161:15)
    at writeGeneric (node:internal/stream_base_commons:152:3)
    at Socket._writeGeneric (node:net:958:11)
    at Socket._write (node:net:970:8)
    at writeOrBuffer (node:internal/streams/writable:572:12)
    at _write (node:internal/streams/writable:501:10)
    at Writable.write (node:internal/streams/writable:510:10)
    at Console.log (/Users/anandhusatheesh/.nvm/versions/node/v20.19.0/lib/node_modules/firebase-tools/node_modules/winston/lib/winston/transports/console.js:87:23)
    at Console._write (/Users/anandhusatheesh/.nvm/versions/node/v20.19.0/lib/node_modules/firebase-tools/node_modules/winston-transport/modern.js:103:17)
    at doWrite (/Users/anandhusatheesh/.nvm/versions/node/v20.19.0/lib/node_modules/firebase-tools/node_modules/winston-transport/node_modules/readable-stream/lib/_stream_writable.js:390:139)
[error] 
[error] Error: An unexpected error has occurred.
[debug] [2025-11-04T16:16:43.627Z] Error: write EIO
    at afterWriteDispatched (node:internal/stream_base_commons:161:15)
    at writeGeneric (node:internal/stream_base_commons:152:3)
    at Socket._writeGeneric (node:net:958:11)
    at Socket._write (node:net:970:8)
    at writeOrBuffer (node:internal/streams/writable:572:12)
    at _write (node:internal/streams/writable:501:10)
    at Writable.write (node:internal/streams/writable:510:10)
    at Console.log (/Users/anandhusatheesh/.nvm/versions/node/v20.19.0/lib/node_modules/firebase-tools/node_modules/winston/lib/winston/transports/console.js:87:23)
    at Console._write (/Users/anandhusatheesh/.nvm/versions/node/v20.19.0/lib/node_modules/firebase-tools/node_modules/winston-transport/modern.js:103:17)
    at doWrite (/Users/anandhusatheesh/.nvm/versions/node/v20.19.0/lib/node_modules/firebase-tools/node_modules/winston-transport/node_modules/readable-stream/lib/_stream_writable.js:390:139)
[error] 
[error] Error: An unexpected error has occurred.
[debug] [2025-11-04T16:16:43.627Z] Error: write EIO
    at afterWriteDispatched (node:internal/stream_base_commons:161:15)
    at writeGeneric (node:internal/stream_base_commons:152:3)
    at Socket._writeGeneric (node:net:958:11)
    at Socket._write (node:net:970:8)
    at writeOrBuffer (node:internal/streams/writable:572:12)
    at _write (node:internal/streams/writable:501:10)
    at Writable.write (node:internal/streams/writable:510:10)
    at Console.log (/Users/anandhusatheesh/.nvm/versions/node/v20.19.0/lib/node_modules/firebase-tools/node_modules/winston/lib/winston/transports/console.js:87:23)
    at Console._write (/Users/anandhusatheesh/.nvm/versions/node/v20.19.0/lib/node_modules/firebase-tools/node_modules/winston-transport/modern.js:103:17)
    at doWrite (/Users/anandhusatheesh/.nvm/versions/node/v20.19.0/lib/node_modules/firebase-tools/node_modules/winston-transport/node_modules/readable-stream/lib/_stream_writable.js:390:139)
[error] 
[error] Error: An unexpected error has occurred.
[debug] [2025-11-04T16:16:43.628Z] Error: write EIO
    at afterWriteDispatched (node:internal/stream_base_commons:161:15)
    at writeGeneric (node:internal/stream_base_commons:152:3)
    at Socket._writeGeneric (node:net:958:11)
    at Socket._write (node:net:970:8)
    at writeOrBuffer (node:internal/streams/writable:572:12)
    at _write (node:internal/streams/writable:501:10)
    at Writable.write (node:internal/streams/writable:510:10)
    at Console.log (/Users/anandhusatheesh/.nvm/versions/node/v20.19.0/lib/node_modules/firebase-tools/node_modules/winston/lib/winston/transports/console.js:87:23)
    at Console._write (/Users/anandhusatheesh/.nvm/versions/node/v20.19.0/lib/node_modules/firebase-tools/node_modules/winston-transport/modern.js:103:17)
    at doWrite (/Users/anandhusatheesh/.nvm/versions/node/v20.19.0/lib/node_modules/firebase-tools/node_modules/winston-transport/node_modules/readable-stream/lib/_stream_writable.js:390:139)
[error] 
[error] Error: An unexpected error has occurred.
[debug] [2025-11-04T16:16:43.629Z] Error: write EIO
    at afterWriteDispatched (node:internal/stream_base_commons:161:15)
    at writeGeneric (node:internal/stream_base_commons:152:3)
    at Socket._writeGeneric (node:net:958:11)
    at Socket._write (node:net:970:8)
    at writeOrBuffer (node:internal/streams/writable:572:12)
    at _write (node:internal/streams/writable:501:10)
    at Writable.write (node:internal/streams/writable:510:10)
    at Console.log (/Users/anandhusatheesh/.nvm/versions/node/v20.19.0/lib/node_modules/firebase-tools/node_modules/winston/lib/winston/transports/console.js:87:23)
    at Console._write (/Users/anandhusatheesh/.nvm/versions/node/v20.19.0/lib/node_modules/firebase-tools/node_modules/winston-transport/modern.js:103:17)
    at doWrite (/Users/anandhusatheesh/.nvm/versions/node/v20.19.0/lib/node_modules/firebase-tools/node_modules/winston-transport/node_modules/readable-stream/lib/_stream_writable.js:390:139)
[error] 
[error] Error: An unexpected error has occurred.
[debug] [2025-11-04T16:16:43.630Z] Error: write EIO
    at afterWriteDispatched (node:internal/stream_base_commons:161:15)
    at writeGeneric (node:internal/stream_base_commons:152:3)
    at Socket._writeGeneric (node:net:958:11)
    at Socket._write (node:net:970:8)
    at writeOrBuffer (node:internal/streams/writable:572:12)
    at _write (node:internal/streams/writable:501:10)
    at Writable.write (node:internal/streams/writable:510:10)
    at Console.log (/Users/anandhusatheesh/.nvm/versions/node/v20.19.0/lib/node_modules/firebase-tools/node_modules/winston/lib/winston/transports/console.js:87:23)
    at Console._write (/Users/anandhusatheesh/.nvm/versions/node/v20.19.0/lib/node_modules/firebase-tools/node_modules/winston-transport/modern.js:103:17)
    at doWrite (/Users/anandhusatheesh/.nvm/versions/node/v20.19.0/lib/node_modules/firebase-tools/node_modules/winston-transport/node_modules/readable-stream/lib/_stream_writable.js:390:139)
[error] 
[error] Error: An unexpected error has occurred.
[debug] [2025-11-04T16:16:43.630Z] Error: write EIO
    at afterWriteDispatched (node:internal/stream_base_commons:161:15)
    at writeGeneric (node:internal/stream_base_commons:152:3)
    at Socket._writeGeneric (node:net:958:11)
    at Socket._write (node:net:970:8)
    at writeOrBuffer (node:internal/streams/writable:572:12)
    at _write (node:internal/streams/writable:501:10)
    at Writable.write (node:internal/streams/writable:510:10)
    at Console.log (/Users/anandhusatheesh/.nvm/versions/node/v20.19.0/lib/node_modules/firebase-tools/node_modules/winston/lib/winston/transports/console.js:87:23)
    at Console._write (/Users/anandhusatheesh/.nvm/versions/node/v20.19.0/lib/node_modules/firebase-tools/node_modules/winston-transport/modern.js:103:17)
    at doWrite (/Users/anandhusatheesh/.nvm/versions/node/v20.19.0/lib/node_modules/firebase-tools/node_modules/winston-transport/node_modules/readable-stream/lib/_stream_writable.js:390:139)
[error] 
[error] Error: An unexpected error has occurred.
[debug] [2025-11-04T16:16:43.630Z] Error: write EIO
    at afterWriteDispatched (node:internal/stream_base_commons:161:15)
    at writeGeneric (node:internal/stream_base_commons:152:3)
    at Socket._writeGeneric (node:net:958:11)
    at Socket._write (node:net:970:8)
    at writeOrBuffer (node:internal/streams/writable:572:12)
    at _write (node:internal/streams/writable:501:10)
    at Writable.write (node:internal/streams/writable:510:10)
    at Console.log (/Users/anandhusatheesh/.nvm/versions/node/v20.19.0/lib/node_modules/firebase-tools/node_modules/winston/lib/winston/transports/console.js:87:23)
    at Console._write (/Users/anandhusatheesh/.nvm/versions/node/v20.19.0/lib/node_modules/firebase-tools/node_modules/winston-transport/modern.js:103:17)
    at doWrite (/Users/anandhusatheesh/.nvm/versions/node/v20.19.0/lib/node_modules/firebase-tools/node_modules/winston-transport/node_modules/readable-stream/lib/_stream_writable.js:390:139)
[error] 
[error] Error: An unexpected error has occurred.
[debug] [2025-11-04T16:16:43.630Z] Error: write EIO
    at afterWriteDispatched (node:internal/stream_base_commons:161:15)
    at writeGeneric (node:internal/stream_base_commons:152:3)
    at Socket._writeGeneric (node:net:958:11)
    at Socket._write (node:net:970:8)
    at writeOrBuffer (node:internal/streams/writable:572:12)
    at _write (node:internal/streams/writable:501:10)
    at Writable.write (node:internal/streams/writable:510:10)
    at Console.log (/Users/anandhusatheesh/.nvm/versions/node/v20.19.0/lib/node_modules/firebase-tools/node_modules/winston/lib/winston/transports/console.js:87:23)
    at Console._write (/Users/anandhusatheesh/.nvm/versions/node/v20.19.0/lib/node_modules/firebase-tools/node_modules/winston-transport/modern.js:103:17)
    at doWrite (/Users/anandhusatheesh/.nvm/versions/node/v20.19.0/lib/node_modules/firebase-tools/node_modules/winston-transport/node_modules/readable-stream/lib/_stream_writable.js:390:139)
[error] 
[error] Error: An unexpected error has occurred.
[debug] [2025-11-04T16:16:43.631Z] Error: write EIO
    at afterWriteDispatched (node:internal/stream_base_commons:161:15)
    at writeGeneric (node:internal/stream_base_commons:152:3)
    at Socket._writeGeneric (node:net:958:11)
    at Socket._write (node:net:970:8)
    at writeOrBuffer (node:internal/streams/writable:572:12)
    at _write (node:internal/streams/writable:501:10)
    at Writable.write (node:internal/streams/writable:510:10)
    at Console.log (/Users/anandhusatheesh/.nvm/versions/node/v20.19.0/lib/node_modules/firebase-tools/node_modules/winston/lib/winston/transports/console.js:87:23)
    at Console._write (/Users/anandhusatheesh/.nvm/versions/node/v20.19.0/lib/node_modules/firebase-tools/node_modules/winston-transport/modern.js:103:17)
    at doWrite (/Users/anandhusatheesh/.nvm/versions/node/v20.19.0/lib/node_modules/firebase-tools/node_modules/winston-transport/node_modules/readable-stream/lib/_stream_writable.js:390:139)
[error] 
[error] Error: An unexpected error has occurred.
[debug] [2025-11-04T16:16:43.632Z] Error: write EIO
    at afterWriteDispatched (node:internal/stream_base_commons:161:15)
    at writeGeneric (node:internal/stream_base_commons:152:3)
    at Socket._writeGeneric (node:net:958:11)
    at Socket._write (node:net:970:8)
    at writeOrBuffer (node:internal/streams/writable:572:12)
    at _write (node:internal/streams/writable:501:10)
    at Writable.write (node:internal/streams/writable:510:10)
    at Console.log (/Users/anandhusatheesh/.nvm/versions/node/v20.19.0/lib/node_modules/firebase-tools/node_modules/winston/lib/winston/transports/console.js:87:23)
    at Console._write (/Users/anandhusatheesh/.nvm/versions/node/v20.19.0/lib/node_modules/firebase-tools/node_modules/winston-transport/modern.js:103:17)
    at doWrite (/Users/anandhusatheesh/.nvm/versions/node/v20.19.0/lib/node_modules/firebase-tools/node_modules/winston-transport/node_modules/readable-stream/lib/_stream_writable.js:390:139)
[error] 
[error] Error: An unexpected error has occurred.
[debug] [2025-11-04T16:16:43.632Z] Error: write EIO
    at afterWriteDispatched (node:internal/stream_base_commons:161:15)
    at writeGeneric (node:internal/stream_base_commons:152:3)
    at Socket._writeGeneric (node:net:958:11)
    at Socket._write (node:net:970:8)
    at writeOrBuffer (node:internal/streams/writable:572:12)
    at _write (node:internal/streams/writable:501:10)
    at Writable.write (node:internal/streams/writable:510:10)
    at Console.log (/Users/anandhusatheesh/.nvm/versions/node/v20.19.0/lib/node_modules/firebase-tools/node_modules/winston/lib/winston/transports/console.js:87:23)
    at Console._write (/Users/anandhusatheesh/.nvm/versions/node/v20.19.0/lib/node_modules/firebase-tools/node_modules/winston-transport/modern.js:103:17)
    at doWrite (/Users/anandhusatheesh/.nvm/versions/node/v20.19.0/lib/node_modules/firebase-tools/node_modules/winston-transport/node_modules/readable-stream/lib/_stream_writable.js:390:139)
[error] 
[error] Error: An unexpected error has occurred.
[debug] [2025-11-04T16:16:43.633Z] Error: write EIO
    at afterWriteDispatched (node:internal/stream_base_commons:161:15)
    at writeGeneric (node:internal/stream_base_commons:152:3)
    at Socket._writeGeneric (node:net:958:11)
    at Socket._write (node:net:970:8)
    at writeOrBuffer (node:internal/streams/writable:572:12)
    at _write (node:internal/streams/writable:501:10)
    at Writable.write (node:internal/streams/writable:510:10)
    at Console.log (/Users/anandhusatheesh/.nvm/versions/node/v20.19.0/lib/node_modules/firebase-tools/node_modules/winston/lib/winston/transports/console.js:87:23)
    at Console._write (/Users/anandhusatheesh/.nvm/versions/node/v20.19.0/lib/node_modules/firebase-tools/node_modules/winston-transport/modern.js:103:17)
    at doWrite (/Users/anandhusatheesh/.nvm/versions/node/v20.19.0/lib/node_modules/firebase-tools/node_modules/winston-transport/node_modules/readable-stream/lib/_stream_writable.js:390:139)
[error] 
[error] Error: An unexpected error has occurred.
[debug] [2025-11-04T16:16:43.633Z] Error: write EIO
    at afterWriteDispatched (node:internal/stream_base_commons:161:15)
    at writeGeneric (node:internal/stream_base_commons:152:3)
    at Socket._writeGeneric (node:net:958:11)
    at Socket._write (node:net:970:8)
    at writeOrBuffer (node:internal/streams/writable:572:12)
    at _write (node:internal/streams/writable:501:10)
    at Writable.write (node:internal/streams/writable:510:10)
    at Console.log (/Users/anandhusatheesh/.nvm/versions/node/v20.19.0/lib/node_modules/firebase-tools/node_modules/winston/lib/winston/transports/console.js:87:23)
    at Console._write (/Users/anandhusatheesh/.nvm/versions/node/v20.19.0/lib/node_modules/firebase-tools/node_modules/winston-transport/modern.js:103:17)
    at doWrite (/Users/anandhusatheesh/.nvm/versions/node/v20.19.0/lib/node_modules/firebase-tools/node_modules/winston-transport/node_modules/readable-stream/lib/_stream_writable.js:390:139)
[error] 
[error] Error: An unexpected error has occurred.
[debug] [2025-11-04T16:16:43.633Z] Error: write EIO
    at afterWriteDispatched (node:internal/stream_base_commons:161:15)
    at writeGeneric (node:internal/stream_base_commons:152:3)
    at Socket._writeGeneric (node:net:958:11)
    at Socket._write (node:net:970:8)
    at writeOrBuffer (node:internal/streams/writable:572:12)
    at _write (node:internal/streams/writable:501:10)
    at Writable.write (node:internal/streams/writable:510:10)
    at Console.log (/Users/anandhusatheesh/.nvm/versions/node/v20.19.0/lib/node_modules/firebase-tools/node_modules/winston/lib/winston/transports/console.js:87:23)
    at Console._write (/Users/anandhusatheesh/.nvm/versions/node/v20.19.0/lib/node_modules/firebase-tools/node_modules/winston-transport/modern.js:103:17)
    at doWrite (/Users/anandhusatheesh/.nvm/versions/node/v20.19.0/lib/node_modules/firebase-tools/node_modules/winston-transport/node_modules/readable-stream/lib/_stream_writable.js:390:139)
[error] 
[error] Error: An unexpected error has occurred.
[debug] [2025-11-04T16:16:43.633Z] Error: write EIO
    at afterWriteDispatched (node:internal/stream_base_commons:161:15)
    at writeGeneric (node:internal/stream_base_commons:152:3)
    at Socket._writeGeneric (node:net:958:11)
    at Socket._write (node:net:970:8)
    at writeOrBuffer (node:internal/streams/writable:572:12)
    at _write (node:internal/streams/writable:501:10)
    at Writable.write (node:internal/streams/writable:510:10)
    at Console.log (/Users/anandhusatheesh/.nvm/versions/node/v20.19.0/lib/node_modules/firebase-tools/node_modules/winston/lib/winston/transports/console.js:87:23)
    at Console._write (/Users/anandhusatheesh/.nvm/versions/node/v20.19.0/lib/node_modules/firebase-tools/node_modules/winston-transport/modern.js:103:17)
    at doWrite (/Users/anandhusatheesh/.nvm/versions/node/v20.19.0/lib/node_modules/firebase-tools/node_modules/winston-transport/node_modules/readable-stream/lib/_stream_writable.js:390:139)
[error] 
[error] Error: An unexpected error has occurred.
[debug] [2025-11-04T16:16:43.633Z] Error: write EIO
    at afterWriteDispatched (node:internal/stream_base_commons:161:15)
    at writeGeneric (node:internal/stream_base_commons:152:3)
    at Socket._writeGeneric (node:net:958:11)
    at Socket._write (node:net:970:8)
    at writeOrBuffer (node:internal/streams/writable:572:12)
    at _write (node:internal/streams/writable:501:10)
    at Writable.write (node:internal/streams/writable:510:10)
    at Console.log (/Users/anandhusatheesh/.nvm/versions/node/v20.19.0/lib/node_modules/firebase-tools/node_modules/winston/lib/winston/transports/console.js:87:23)
    at Console._write (/Users/anandhusatheesh/.nvm/versions/node/v20.19.0/lib/node_modules/firebase-tools/node_modules/winston-transport/modern.js:103:17)
    at doWrite (/Users/anandhusatheesh/.nvm/versions/node/v20.19.0/lib/node_modules/firebase-tools/node_modules/winston-transport/node_modules/readable-stream/lib/_stream_writable.js:390:139)
[error] 
[error] Error: An unexpected error has occurred.
[debug] [2025-11-04T16:16:43.634Z] Error: write EIO
    at afterWriteDispatched (node:internal/stream_base_commons:161:15)
    at writeGeneric (node:internal/stream_base_commons:152:3)
    at Socket._writeGeneric (node:net:958:11)
    at Socket._write (node:net:970:8)
    at writeOrBuffer (node:internal/streams/writable:572:12)
    at _write (node:internal/streams/writable:501:10)
    at Writable.write (node:internal/streams/writable:510:10)
    at Console.log (/Users/anandhusatheesh/.nvm/versions/node/v20.19.0/lib/node_modules/firebase-tools/node_modules/winston/lib/winston/transports/console.js:87:23)
    at Console._write (/Users/anandhusatheesh/.nvm/versions/node/v20.19.0/lib/node_modules/firebase-tools/node_modules/winston-transport/modern.js:103:17)
    at doWrite (/Users/anandhusatheesh/.nvm/versions/node/v20.19.0/lib/node_modules/firebase-tools/node_modules/winston-transport/node_modules/readable-stream/lib/_stream_writable.js:390:139)
[error] 
[error] Error: An unexpected error has occurred.
[debug] [2025-11-04T16:16:43.634Z] Error: write EIO
    at afterWriteDispatched (node:internal/stream_base_commons:161:15)
    at writeGeneric (node:internal/stream_base_commons:152:3)
    at Socket._writeGeneric (node:net:958:11)
    at Socket._write (node:net:970:8)
    at writeOrBuffer (node:internal/streams/writable:572:12)
    at _write (node:internal/streams/writable:501:10)
    at Writable.write (node:internal/streams/writable:510:10)
    at Console.log (/Users/anandhusatheesh/.nvm/versions/node/v20.19.0/lib/node_modules/firebase-tools/node_modules/winston/lib/winston/transports/console.js:87:23)
    at Console._write (/Users/anandhusatheesh/.nvm/versions/node/v20.19.0/lib/node_modules/firebase-tools/node_modules/winston-transport/modern.js:103:17)
    at doWrite (/Users/anandhusatheesh/.nvm/versions/node/v20.19.0/lib/node_modules/firebase-tools/node_modules/winston-transport/node_modules/readable-stream/lib/_stream_writable.js:390:139)
[error] 
[error] Error: An unexpected error has occurred.
[debug] [2025-11-04T16:16:43.634Z] Error: write EIO
    at afterWriteDispatched (node:internal/stream_base_commons:161:15)
    at writeGeneric (node:internal/stream_base_commons:152:3)
    at Socket._writeGeneric (node:net:958:11)
    at Socket._write (node:net:970:8)
    at writeOrBuffer (node:internal/streams/writable:572:12)
    at _write (node:internal/streams/writable:501:10)
    at Writable.write (node:internal/streams/writable:510:10)
    at Console.log (/Users/anandhusatheesh/.nvm/versions/node/v20.19.0/lib/node_modules/firebase-tools/node_modules/winston/lib/winston/transports/console.js:87:23)
    at Console._write (/Users/anandhusatheesh/.nvm/versions/node/v20.19.0/lib/node_modules/firebase-tools/node_modules/winston-transport/modern.js:103:17)
    at doWrite (/Users/anandhusatheesh/.nvm/versions/node/v20.19.0/lib/node_modules/firebase-tools/node_modules/winston-transport/node_modules/readable-stream/lib/_stream_writable.js:390:139)
[error] 
[error] Error: An unexpected error has occurred.
[debug] [2025-11-04T16:16:43.634Z] Error: write EIO
    at afterWriteDispatched (node:internal/stream_base_commons:161:15)
    at writeGeneric (node:internal/stream_base_commons:152:3)
    at Socket._writeGeneric (node:net:958:11)
    at Socket._write (node:net:970:8)
    at writeOrBuffer (node:internal/streams/writable:572:12)
    at _write (node:internal/streams/writable:501:10)
    at Writable.write (node:internal/streams/writable:510:10)
    at Console.log (/Users/anandhusatheesh/.nvm/versions/node/v20.19.0/lib/node_modules/firebase-tools/node_modules/winston/lib/winston/transports/console.js:87:23)
    at Console._write (/Users/anandhusatheesh/.nvm/versions/node/v20.19.0/lib/node_modules/firebase-tools/node_modules/winston-transport/modern.js:103:17)
    at doWrite (/Users/anandhusatheesh/.nvm/versions/node/v20.19.0/lib/node_modules/firebase-tools/node_modules/winston-transport/node_modules/readable-stream/lib/_stream_writable.js:390:139)
[error] 
[error] Error: An unexpected error has occurred.
[debug] [2025-11-04T16:16:43.634Z] Error: write EIO
    at afterWriteDispatched (node:internal/stream_base_commons:161:15)
    at writeGeneric (node:internal/stream_base_commons:152:3)
    at Socket._writeGeneric (node:net:958:11)
    at Socket._write (node:net:970:8)
    at writeOrBuffer (node:internal/streams/writable:572:12)
    at _write (node:internal/streams/writable:501:10)
    at Writable.write (node:internal/streams/writable:510:10)
    at Console.log (/Users/anandhusatheesh/.nvm/versions/node/v20.19.0/lib/node_modules/firebase-tools/node_modules/winston/lib/winston/transports/console.js:87:23)
    at Console._write (/Users/anandhusatheesh/.nvm/versions/node/v20.19.0/lib/node_modules/firebase-tools/node_modules/winston-transport/modern.js:103:17)
    at doWrite (/Users/anandhusatheesh/.nvm/versions/node/v20.19.0/lib/node_modules/firebase-tools/node_modules/winston-transport/node_modules/readable-stream/lib/_stream_writable.js:390:139)
[error] 
[error] Error: An unexpected error has occurred.
[debug] [2025-11-04T16:16:43.635Z] Error: write EIO
    at afterWriteDispatched (node:internal/stream_base_commons:161:15)
    at writeGeneric (node:internal/stream_base_commons:152:3)
    at Socket._writeGeneric (node:net:958:11)
    at Socket._write (node:net:970:8)
    at writeOrBuffer (node:internal/streams/writable:572:12)
    at _write (node:internal/streams/writable:501:10)
    at Writable.write (node:internal/streams/writable:510:10)
    at Console.log (/Users/anandhusatheesh/.nvm/versions/node/v20.19.0/lib/node_modules/firebase-tools/node_modules/winston/lib/winston/transports/console.js:87:23)
    at Console._write (/Users/anandhusatheesh/.nvm/versions/node/v20.19.0/lib/node_modules/firebase-tools/node_modules/winston-transport/modern.js:103:17)
    at doWrite (/Users/anandhusatheesh/.nvm/versions/node/v20.19.0/lib/node_modules/firebase-tools/node_modules/winston-transport/node_modules/readable-stream/lib/_stream_writable.js:390:139)
[error] 
[error] Error: An unexpected error has occurred.
[debug] [2025-11-04T16:16:43.635Z] Error: write EIO
    at afterWriteDispatched (node:internal/stream_base_commons:161:15)
    at writeGeneric (node:internal/stream_base_commons:152:3)
    at Socket._writeGeneric (node:net:958:11)
    at Socket._write (node:net:970:8)
    at writeOrBuffer (node:internal/streams/writable:572:12)
    at _write (node:internal/streams/writable:501:10)
    at Writable.write (node:internal/streams/writable:510:10)
    at Console.log (/Users/anandhusatheesh/.nvm/versions/node/v20.19.0/lib/node_modules/firebase-tools/node_modules/winston/lib/winston/transports/console.js:87:23)
    at Console._write (/Users/anandhusatheesh/.nvm/versions/node/v20.19.0/lib/node_modules/firebase-tools/node_modules/winston-transport/modern.js:103:17)
    at doWrite (/Users/anandhusatheesh/.nvm/versions/node/v20.19.0/lib/node_modules/firebase-tools/node_modules/winston-transport/node_modules/readable-stream/lib/_stream_writable.js:390:139)
[error] 
[error] Error: An unexpected error has occurred.
[debug] [2025-11-04T16:16:43.635Z] Error: write EIO
    at afterWriteDispatched (node:internal/stream_base_commons:161:15)
    at writeGeneric (node:internal/stream_base_commons:152:3)
    at Socket._writeGeneric (node:net:958:11)
    at Socket._write (node:net:970:8)
    at writeOrBuffer (node:internal/streams/writable:572:12)
    at _write (node:internal/streams/writable:501:10)
    at Writable.write (node:internal/streams/writable:510:10)
    at Console.log (/Users/anandhusatheesh/.nvm/versions/node/v20.19.0/lib/node_modules/firebase-tools/node_modules/winston/lib/winston/transports/console.js:87:23)
    at Console._write (/Users/anandhusatheesh/.nvm/versions/node/v20.19.0/lib/node_modules/firebase-tools/node_modules/winston-transport/modern.js:103:17)
    at doWrite (/Users/anandhusatheesh/.nvm/versions/node/v20.19.0/lib/node_modules/firebase-tools/node_modules/winston-transport/node_modules/readable-stream/lib/_stream_writable.js:390:139)
[error] 
[error] Error: An unexpected error has occurred.
[debug] [2025-11-04T16:16:43.635Z] Error: write EIO
    at afterWriteDispatched (node:internal/stream_base_commons:161:15)
    at writeGeneric (node:internal/stream_base_commons:152:3)
    at Socket._writeGeneric (node:net:958:11)
    at Socket._write (node:net:970:8)
    at writeOrBuffer (node:internal/streams/writable:572:12)
    at _write (node:internal/streams/writable:501:10)
    at Writable.write (node:internal/streams/writable:510:10)
    at Console.log (/Users/anandhusatheesh/.nvm/versions/node/v20.19.0/lib/node_modules/firebase-tools/node_modules/winston/lib/winston/transports/console.js:87:23)
    at Console._write (/Users/anandhusatheesh/.nvm/versions/node/v20.19.0/lib/node_modules/firebase-tools/node_modules/winston-transport/modern.js:103:17)
    at doWrite (/Users/anandhusatheesh/.nvm/versions/node/v20.19.0/lib/node_modules/firebase-tools/node_modules/winston-transport/node_modules/readable-stream/lib/_stream_writable.js:390:139)
[error] 
[error] Error: An unexpected error has occurred.
[debug] [2025-11-04T16:16:43.635Z] Error: write EIO
    at afterWriteDispatched (node:internal/stream_base_commons:161:15)
    at writeGeneric (node:internal/stream_base_commons:152:3)
    at Socket._writeGeneric (node:net:958:11)
    at Socket._write (node:net:970:8)
    at writeOrBuffer (node:internal/streams/writable:572:12)
    at _write (node:internal/streams/writable:501:10)
    at Writable.write (node:internal/streams/writable:510:10)
    at Console.log (/Users/anandhusatheesh/.nvm/versions/node/v20.19.0/lib/node_modules/firebase-tools/node_modules/winston/lib/winston/transports/console.js:87:23)
    at Console._write (/Users/anandhusatheesh/.nvm/versions/node/v20.19.0/lib/node_modules/firebase-tools/node_modules/winston-transport/modern.js:103:17)
    at doWrite (/Users/anandhusatheesh/.nvm/versions/node/v20.19.0/lib/node_modules/firebase-tools/node_modules/winston-transport/node_modules/readable-stream/lib/_stream_writable.js:390:139)
[error] 
[error] Error: An unexpected error has occurred.
[debug] [2025-11-04T16:16:43.635Z] Error: write EIO
    at afterWriteDispatched (node:internal/stream_base_commons:161:15)
    at writeGeneric (node:internal/stream_base_commons:152:3)
    at Socket._writeGeneric (node:net:958:11)
    at Socket._write (node:net:970:8)
    at writeOrBuffer (node:internal/streams/writable:572:12)
    at _write (node:internal/streams/writable:501:10)
    at Writable.write (node:internal/streams/writable:510:10)
    at Console.log (/Users/anandhusatheesh/.nvm/versions/node/v20.19.0/lib/node_modules/firebase-tools/node_modules/winston/lib/winston/transports/console.js:87:23)
    at Console._write (/Users/anandhusatheesh/.nvm/versions/node/v20.19.0/lib/node_modules/firebase-tools/node_modules/winston-transport/modern.js:103:17)
    at doWrite (/Users/anandhusatheesh/.nvm/versions/node/v20.19.0/lib/node_modules/firebase-tools/node_modules/winston-transport/node_modules/readable-stream/lib/_stream_writable.js:390:139)
[error] 
[error] Error: An unexpected error has occurred.
[debug] [2025-11-04T16:16:43.641Z] Error: write EIO
    at afterWriteDispatched (node:internal/stream_base_commons:161:15)
    at writeGeneric (node:internal/stream_base_commons:152:3)
    at Socket._writeGeneric (node:net:958:11)
    at Socket._write (node:net:970:8)
    at writeOrBuffer (node:internal/streams/writable:572:12)
    at _write (node:internal/streams/writable:501:10)
    at Writable.write (node:internal/streams/writable:510:10)
    at Console.log (/Users/anandhusatheesh/.nvm/versions/node/v20.19.0/lib/node_modules/firebase-tools/node_modules/winston/lib/winston/transports/console.js:87:23)
    at Console._write (/Users/anandhusatheesh/.nvm/versions/node/v20.19.0/lib/node_modules/firebase-tools/node_modules/winston-transport/modern.js:103:17)
    at doWrite (/Users/anandhusatheesh/.nvm/versions/node/v20.19.0/lib/node_modules/firebase-tools/node_modules/winston-transport/node_modules/readable-stream/lib/_stream_writable.js:390:139)
[error] 
[error] Error: An unexpected error has occurred.
[debug] [2025-11-04T16:16:43.641Z] Error: write EIO
    at afterWriteDispatched (node:internal/stream_base_commons:161:15)
    at writeGeneric (node:internal/stream_base_commons:152:3)
    at Socket._writeGeneric (node:net:958:11)
    at Socket._write (node:net:970:8)
    at writeOrBuffer (node:internal/streams/writable:572:12)
    at _write (node:internal/streams/writable:501:10)
    at Writable.write (node:internal/streams/writable:510:10)
    at Console.log (/Users/anandhusatheesh/.nvm/versions/node/v20.19.0/lib/node_modules/firebase-tools/node_modules/winston/lib/winston/transports/console.js:87:23)
    at Console._write (/Users/anandhusatheesh/.nvm/versions/node/v20.19.0/lib/node_modules/firebase-tools/node_modules/winston-transport/modern.js:103:17)
    at doWrite (/Users/anandhusatheesh/.nvm/versions/node/v20.19.0/lib/node_modules/firebase-tools/node_modules/winston-transport/node_modules/readable-stream/lib/_stream_writable.js:390:139)
[error] 
[error] Error: An unexpected error has occurred.
[debug] [2025-11-04T16:16:43.642Z] Error: write EIO
    at afterWriteDispatched (node:internal/stream_base_commons:161:15)
    at writeGeneric (node:internal/stream_base_commons:152:3)
    at Socket._writeGeneric (node:net:958:11)
    at Socket._write (node:net:970:8)
    at writeOrBuffer (node:internal/streams/writable:572:12)
    at _write (node:internal/streams/writable:501:10)
    at Writable.write (node:internal/streams/writable:510:10)
    at Console.log (/Users/anandhusatheesh/.nvm/versions/node/v20.19.0/lib/node_modules/firebase-tools/node_modules/winston/lib/winston/transports/console.js:87:23)
    at Console._write (/Users/anandhusatheesh/.nvm/versions/node/v20.19.0/lib/node_modules/firebase-tools/node_modules/winston-transport/modern.js:103:17)
    at doWrite (/Users/anandhusatheesh/.nvm/versions/node/v20.19.0/lib/node_modules/firebase-tools/node_modules/winston-transport/node_modules/readable-stream/lib/_stream_writable.js:390:139)
[error] 
[error] Error: An unexpected error has occurred.
[debug] [2025-11-04T16:16:43.642Z] Error: write EIO
    at afterWriteDispatched (node:internal/stream_base_commons:161:15)
    at writeGeneric (node:internal/stream_base_commons:152:3)
    at Socket._writeGeneric (node:net:958:11)
    at Socket._write (node:net:970:8)
    at writeOrBuffer (node:internal/streams/writable:572:12)
    at _write (node:internal/streams/writable:501:10)
    at Writable.write (node:internal/streams/writable:510:10)
    at Console.log (/Users/anandhusatheesh/.nvm/versions/node/v20.19.0/lib/node_modules/firebase-tools/node_modules/winston/lib/winston/transports/console.js:87:23)
    at Console._write (/Users/anandhusatheesh/.nvm/versions/node/v20.19.0/lib/node_modules/firebase-tools/node_modules/winston-transport/modern.js:103:17)
    at doWrite (/Users/anandhusatheesh/.nvm/versions/node/v20.19.0/lib/node_modules/firebase-tools/node_modules/winston-transport/node_modules/readable-stream/lib/_stream_writable.js:390:139)
[error] 
[error] Error: An unexpected error has occurred.
[debug] [2025-11-04T16:16:43.642Z] Error: write EIO
    at afterWriteDispatched (node:internal/stream_base_commons:161:15)
    at writeGeneric (node:internal/stream_base_commons:152:3)
    at Socket._writeGeneric (node:net:958:11)
    at Socket._write (node:net:970:8)
    at writeOrBuffer (node:internal/streams/writable:572:12)
    at _write (node:internal/streams/writable:501:10)
    at Writable.write (node:internal/streams/writable:510:10)
    at Console.log (/Users/anandhusatheesh/.nvm/versions/node/v20.19.0/lib/node_modules/firebase-tools/node_modules/winston/lib/winston/transports/console.js:87:23)
    at Console._write (/Users/anandhusatheesh/.nvm/versions/node/v20.19.0/lib/node_modules/firebase-tools/node_modules/winston-transport/modern.js:103:17)
    at doWrite (/Users/anandhusatheesh/.nvm/versions/node/v20.19.0/lib/node_modules/firebase-tools/node_modules/winston-transport/node_modules/readable-stream/lib/_stream_writable.js:390:139)
[error] 
[error] Error: An unexpected error has occurred.
[debug] [2025-11-04T16:16:43.642Z] Error: write EIO
    at afterWriteDispatched (node:internal/stream_base_commons:161:15)
    at writeGeneric (node:internal/stream_base_commons:152:3)
    at Socket._writeGeneric (node:net:958:11)
    at Socket._write (node:net:970:8)
    at writeOrBuffer (node:internal/streams/writable:572:12)
    at _write (node:internal/streams/writable:501:10)
    at Writable.write (node:internal/streams/writable:510:10)
    at Console.log (/Users/anandhusatheesh/.nvm/versions/node/v20.19.0/lib/node_modules/firebase-tools/node_modules/winston/lib/winston/transports/console.js:87:23)
    at Console._write (/Users/anandhusatheesh/.nvm/versions/node/v20.19.0/lib/node_modules/firebase-tools/node_modules/winston-transport/modern.js:103:17)
    at doWrite (/Users/anandhusatheesh/.nvm/versions/node/v20.19.0/lib/node_modules/firebase-tools/node_modules/winston-transport/node_modules/readable-stream/lib/_stream_writable.js:390:139)
[error] 
[error] Error: An unexpected error has occurred.
[debug] [2025-11-04T16:16:43.643Z] Error: write EIO
    at afterWriteDispatched (node:internal/stream_base_commons:161:15)
    at writeGeneric (node:internal/stream_base_commons:152:3)
    at Socket._writeGeneric (node:net:958:11)
    at Socket._write (node:net:970:8)
    at writeOrBuffer (node:internal/streams/writable:572:12)
    at _write (node:internal/streams/writable:501:10)
    at Writable.write (node:internal/streams/writable:510:10)
    at Console.log (/Users/anandhusatheesh/.nvm/versions/node/v20.19.0/lib/node_modules/firebase-tools/node_modules/winston/lib/winston/transports/console.js:87:23)
    at Console._write (/Users/anandhusatheesh/.nvm/versions/node/v20.19.0/lib/node_modules/firebase-tools/node_modules/winston-transport/modern.js:103:17)
    at doWrite (/Users/anandhusatheesh/.nvm/versions/node/v20.19.0/lib/node_modules/firebase-tools/node_modules/winston-transport/node_modules/readable-stream/lib/_stream_writable.js:390:139)
[error] 
[error] Error: An unexpected error has occurred.
[debug] [2025-11-04T16:16:43.643Z] Error: write EIO
    at afterWriteDispatched (node:internal/stream_base_commons:161:15)
    at writeGeneric (node:internal/stream_base_commons:152:3)
    at Socket._writeGeneric (node:net:958:11)
    at Socket._write (node:net:970:8)
    at writeOrBuffer (node:internal/streams/writable:572:12)
    at _write (node:internal/streams/writable:501:10)
    at Writable.write (node:internal/streams/writable:510:10)
    at Console.log (/Users/anandhusatheesh/.nvm/versions/node/v20.19.0/lib/node_modules/firebase-tools/node_modules/winston/lib/winston/transports/console.js:87:23)
    at Console._write (/Users/anandhusatheesh/.nvm/versions/node/v20.19.0/lib/node_modules/firebase-tools/node_modules/winston-transport/modern.js:103:17)
    at doWrite (/Users/anandhusatheesh/.nvm/versions/node/v20.19.0/lib/node_modules/firebase-tools/node_modules/winston-transport/node_modules/readable-stream/lib/_stream_writable.js:390:139)
[error] 
[error] Error: An unexpected error has occurred.
[debug] [2025-11-04T16:16:43.643Z] Error: write EIO
    at afterWriteDispatched (node:internal/stream_base_commons:161:15)
    at writeGeneric (node:internal/stream_base_commons:152:3)
    at Socket._writeGeneric (node:net:958:11)
    at Socket._write (node:net:970:8)
    at writeOrBuffer (node:internal/streams/writable:572:12)
    at _write (node:internal/streams/writable:501:10)
    at Writable.write (node:internal/streams/writable:510:10)
    at Console.log (/Users/anandhusatheesh/.nvm/versions/node/v20.19.0/lib/node_modules/firebase-tools/node_modules/winston/lib/winston/transports/console.js:87:23)
    at Console._write (/Users/anandhusatheesh/.nvm/versions/node/v20.19.0/lib/node_modules/firebase-tools/node_modules/winston-transport/modern.js:103:17)
    at doWrite (/Users/anandhusatheesh/.nvm/versions/node/v20.19.0/lib/node_modules/firebase-tools/node_modules/winston-transport/node_modules/readable-stream/lib/_stream_writable.js:390:139)
[error] 
[error] Error: An unexpected error has occurred.
[debug] [2025-11-04T16:16:43.644Z] Error: write EIO
    at afterWriteDispatched (node:internal/stream_base_commons:161:15)
    at writeGeneric (node:internal/stream_base_commons:152:3)
    at Socket._writeGeneric (node:net:958:11)
    at Socket._write (node:net:970:8)
    at writeOrBuffer (node:internal/streams/writable:572:12)
    at _write (node:internal/streams/writable:501:10)
    at Writable.write (node:internal/streams/writable:510:10)
    at Console.log (/Users/anandhusatheesh/.nvm/versions/node/v20.19.0/lib/node_modules/firebase-tools/node_modules/winston/lib/winston/transports/console.js:87:23)
    at Console._write (/Users/anandhusatheesh/.nvm/versions/node/v20.19.0/lib/node_modules/firebase-tools/node_modules/winston-transport/modern.js:103:17)
    at doWrite (/Users/anandhusatheesh/.nvm/versions/node/v20.19.0/lib/node_modules/firebase-tools/node_modules/winston-transport/node_modules/readable-stream/lib/_stream_writable.js:390:139)
[error] 
[error] Error: An unexpected error has occurred.
[debug] [2025-11-04T16:16:43.644Z] Error: write EIO
    at afterWriteDispatched (node:internal/stream_base_commons:161:15)
    at writeGeneric (node:internal/stream_base_commons:152:3)
    at Socket._writeGeneric (node:net:958:11)
    at Socket._write (node:net:970:8)
    at writeOrBuffer (node:internal/streams/writable:572:12)
    at _write (node:internal/streams/writable:501:10)
    at Writable.write (node:internal/streams/writable:510:10)
    at Console.log (/Users/anandhusatheesh/.nvm/versions/node/v20.19.0/lib/node_modules/firebase-tools/node_modules/winston/lib/winston/transports/console.js:87:23)
    at Console._write (/Users/anandhusatheesh/.nvm/versions/node/v20.19.0/lib/node_modules/firebase-tools/node_modules/winston-transport/modern.js:103:17)
    at doWrite (/Users/anandhusatheesh/.nvm/versions/node/v20.19.0/lib/node_modules/firebase-tools/node_modules/winston-transport/node_modules/readable-stream/lib/_stream_writable.js:390:139)
[error] 
[error] Error: An unexpected error has occurred.
[debug] [2025-11-04T16:16:43.645Z] Error: write EIO
    at afterWriteDispatched (node:internal/stream_base_commons:161:15)
    at writeGeneric (node:internal/stream_base_commons:152:3)
    at Socket._writeGeneric (node:net:958:11)
    at Socket._write (node:net:970:8)
    at writeOrBuffer (node:internal/streams/writable:572:12)
    at _write (node:internal/streams/writable:501:10)
    at Writable.write (node:internal/streams/writable:510:10)
    at Console.log (/Users/anandhusatheesh/.nvm/versions/node/v20.19.0/lib/node_modules/firebase-tools/node_modules/winston/lib/winston/transports/console.js:87:23)
    at Console._write (/Users/anandhusatheesh/.nvm/versions/node/v20.19.0/lib/node_modules/firebase-tools/node_modules/winston-transport/modern.js:103:17)
    at doWrite (/Users/anandhusatheesh/.nvm/versions/node/v20.19.0/lib/node_modules/firebase-tools/node_modules/winston-transport/node_modules/readable-stream/lib/_stream_writable.js:390:139)
[error] 
[error] Error: An unexpected error has occurred.
[debug] [2025-11-04T16:16:43.645Z] Error: write EIO
    at afterWriteDispatched (node:internal/stream_base_commons:161:15)
    at writeGeneric (node:internal/stream_base_commons:152:3)
    at Socket._writeGeneric (node:net:958:11)
    at Socket._write (node:net:970:8)
    at writeOrBuffer (node:internal/streams/writable:572:12)
    at _write (node:internal/streams/writable:501:10)
    at Writable.write (node:internal/streams/writable:510:10)
    at Console.log (/Users/anandhusatheesh/.nvm/versions/node/v20.19.0/lib/node_modules/firebase-tools/node_modules/winston/lib/winston/transports/console.js:87:23)
    at Console._write (/Users/anandhusatheesh/.nvm/versions/node/v20.19.0/lib/node_modules/firebase-tools/node_modules/winston-transport/modern.js:103:17)
    at doWrite (/Users/anandhusatheesh/.nvm/versions/node/v20.19.0/lib/node_modules/firebase-tools/node_modules/winston-transport/node_modules/readable-stream/lib/_stream_writable.js:390:139)
[error] 
[error] Error: An unexpected error has occurred.
[debug] [2025-11-04T16:16:43.645Z] Error: write EIO
    at afterWriteDispatched (node:internal/stream_base_commons:161:15)
    at writeGeneric (node:internal/stream_base_commons:152:3)
    at Socket._writeGeneric (node:net:958:11)
    at Socket._write (node:net:970:8)
    at writeOrBuffer (node:internal/streams/writable:572:12)
    at _write (node:internal/streams/writable:501:10)
    at Writable.write (node:internal/streams/writable:510:10)
    at Console.log (/Users/anandhusatheesh/.nvm/versions/node/v20.19.0/lib/node_modules/firebase-tools/node_modules/winston/lib/winston/transports/console.js:87:23)
    at Console._write (/Users/anandhusatheesh/.nvm/versions/node/v20.19.0/lib/node_modules/firebase-tools/node_modules/winston-transport/modern.js:103:17)
    at doWrite (/Users/anandhusatheesh/.nvm/versions/node/v20.19.0/lib/node_modules/firebase-tools/node_modules/winston-transport/node_modules/readable-stream/lib/_stream_writable.js:390:139)
[error] 
[error] Error: An unexpected error has occurred.
[debug] [2025-11-04T16:16:43.646Z] Error: write EIO
    at afterWriteDispatched (node:internal/stream_base_commons:161:15)
    at writeGeneric (node:internal/stream_base_commons:152:3)
    at Socket._writeGeneric (node:net:958:11)
    at Socket._write (node:net:970:8)
    at writeOrBuffer (node:internal/streams/writable:572:12)
    at _write (node:internal/streams/writable:501:10)
    at Writable.write (node:internal/streams/writable:510:10)
    at Console.log (/Users/anandhusatheesh/.nvm/versions/node/v20.19.0/lib/node_modules/firebase-tools/node_modules/winston/lib/winston/transports/console.js:87:23)
    at Console._write (/Users/anandhusatheesh/.nvm/versions/node/v20.19.0/lib/node_modules/firebase-tools/node_modules/winston-transport/modern.js:103:17)
    at doWrite (/Users/anandhusatheesh/.nvm/versions/node/v20.19.0/lib/node_modules/firebase-tools/node_modules/winston-transport/node_modules/readable-stream/lib/_stream_writable.js:390:139)
[error] 
[error] Error: An unexpected error has occurred.
[debug] [2025-11-04T16:16:43.646Z] Error: write EIO
    at afterWriteDispatched (node:internal/stream_base_commons:161:15)
    at writeGeneric (node:internal/stream_base_commons:152:3)
    at Socket._writeGeneric (node:net:958:11)
    at Socket._write (node:net:970:8)
    at writeOrBuffer (node:internal/streams/writable:572:12)
    at _write (node:internal/streams/writable:501:10)
    at Writable.write (node:internal/streams/writable:510:10)
    at Console.log (/Users/anandhusatheesh/.nvm/versions/node/v20.19.0/lib/node_modules/firebase-tools/node_modules/winston/lib/winston/transports/console.js:87:23)
    at Console._write (/Users/anandhusatheesh/.nvm/versions/node/v20.19.0/lib/node_modules/firebase-tools/node_modules/winston-transport/modern.js:103:17)
    at doWrite (/Users/anandhusatheesh/.nvm/versions/node/v20.19.0/lib/node_modules/firebase-tools/node_modules/winston-transport/node_modules/readable-stream/lib/_stream_writable.js:390:139)
[error] 
[error] Error: An unexpected error has occurred.
[debug] [2025-11-04T16:16:43.646Z] Error: write EIO
    at afterWriteDispatched (node:internal/stream_base_commons:161:15)
    at writeGeneric (node:internal/stream_base_commons:152:3)
    at Socket._writeGeneric (node:net:958:11)
    at Socket._write (node:net:970:8)
    at writeOrBuffer (node:internal/streams/writable:572:12)
    at _write (node:internal/streams/writable:501:10)
    at Writable.write (node:internal/streams/writable:510:10)
    at Console.log (/Users/anandhusatheesh/.nvm/versions/node/v20.19.0/lib/node_modules/firebase-tools/node_modules/winston/lib/winston/transports/console.js:87:23)
    at Console._write (/Users/anandhusatheesh/.nvm/versions/node/v20.19.0/lib/node_modules/firebase-tools/node_modules/winston-transport/modern.js:103:17)
    at doWrite (/Users/anandhusatheesh/.nvm/versions/node/v20.19.0/lib/node_modules/firebase-tools/node_modules/winston-transport/node_modules/readable-stream/lib/_stream_writable.js:390:139)
[error] 
[error] Error: An unexpected error has occurred.
[debug] [2025-11-04T16:16:43.647Z] Error: write EIO
    at afterWriteDispatched (node:internal/stream_base_commons:161:15)
    at writeGeneric (node:internal/stream_base_commons:152:3)
    at Socket._writeGeneric (node:net:958:11)
    at Socket._write (node:net:970:8)
    at writeOrBuffer (node:internal/streams/writable:572:12)
    at _write (node:internal/streams/writable:501:10)
    at Writable.write (node:internal/streams/writable:510:10)
    at Console.log (/Users/anandhusatheesh/.nvm/versions/node/v20.19.0/lib/node_modules/firebase-tools/node_modules/winston/lib/winston/transports/console.js:87:23)
    at Console._write (/Users/anandhusatheesh/.nvm/versions/node/v20.19.0/lib/node_modules/firebase-tools/node_modules/winston-transport/modern.js:103:17)
    at doWrite (/Users/anandhusatheesh/.nvm/versions/node/v20.19.0/lib/node_modules/firebase-tools/node_modules/winston-transport/node_modules/readable-stream/lib/_stream_writable.js:390:139)
[error] 
[error] Error: An unexpected error has occurred.
[debug] [2025-11-04T16:16:43.648Z] Error: write EIO
    at afterWriteDispatched (node:internal/stream_base_commons:161:15)
    at writeGeneric (node:internal/stream_base_commons:152:3)
    at Socket._writeGeneric (node:net:958:11)
    at Socket._write (node:net:970:8)
    at writeOrBuffer (node:internal/streams/writable:572:12)
    at _write (node:internal/streams/writable:501:10)
    at Writable.write (node:internal/streams/writable:510:10)
    at Console.log (/Users/anandhusatheesh/.nvm/versions/node/v20.19.0/lib/node_modules/firebase-tools/node_modules/winston/lib/winston/transports/console.js:87:23)
    at Console._write (/Users/anandhusatheesh/.nvm/versions/node/v20.19.0/lib/node_modules/firebase-tools/node_modules/winston-transport/modern.js:103:17)
    at doWrite (/Users/anandhusatheesh/.nvm/versions/node/v20.19.0/lib/node_modules/firebase-tools/node_modules/winston-transport/node_modules/readable-stream/lib/_stream_writable.js:390:139)
[error] 
[error] Error: An unexpected error has occurred.
[debug] [2025-11-04T16:16:43.648Z] Error: write EIO
    at afterWriteDispatched (node:internal/stream_base_commons:161:15)
    at writeGeneric (node:internal/stream_base_commons:152:3)
    at Socket._writeGeneric (node:net:958:11)
    at Socket._write (node:net:970:8)
    at writeOrBuffer (node:internal/streams/writable:572:12)
    at _write (node:internal/streams/writable:501:10)
    at Writable.write (node:internal/streams/writable:510:10)
    at Console.log (/Users/anandhusatheesh/.nvm/versions/node/v20.19.0/lib/node_modules/firebase-tools/node_modules/winston/lib/winston/transports/console.js:87:23)
    at Console._write (/Users/anandhusatheesh/.nvm/versions/node/v20.19.0/lib/node_modules/firebase-tools/node_modules/winston-transport/modern.js:103:17)
    at doWrite (/Users/anandhusatheesh/.nvm/versions/node/v20.19.0/lib/node_modules/firebase-tools/node_modules/winston-transport/node_modules/readable-stream/lib/_stream_writable.js:390:139)
[error] 
[error] Error: An unexpected error has occurred.
[debug] [2025-11-04T16:16:43.648Z] Error: write EIO
    at afterWriteDispatched (node:internal/stream_base_commons:161:15)
    at writeGeneric (node:internal/stream_base_commons:152:3)
    at Socket._writeGeneric (node:net:958:11)
    at Socket._write (node:net:970:8)
    at writeOrBuffer (node:internal/streams/writable:572:12)
    at _write (node:internal/streams/writable:501:10)
    at Writable.write (node:internal/streams/writable:510:10)
    at Console.log (/Users/anandhusatheesh/.nvm/versions/node/v20.19.0/lib/node_modules/firebase-tools/node_modules/winston/lib/winston/transports/console.js:87:23)
    at Console._write (/Users/anandhusatheesh/.nvm/versions/node/v20.19.0/lib/node_modules/firebase-tools/node_modules/winston-transport/modern.js:103:17)
    at doWrite (/Users/anandhusatheesh/.nvm/versions/node/v20.19.0/lib/node_modules/firebase-tools/node_modules/winston-transport/node_modules/readable-stream/lib/_stream_writable.js:390:139)
[error] 
[error] Error: An unexpected error has occurred.
[debug] [2025-11-04T16:16:43.649Z] Error: write EIO
    at afterWriteDispatched (node:internal/stream_base_commons:161:15)
    at writeGeneric (node:internal/stream_base_commons:152:3)
    at Socket._writeGeneric (node:net:958:11)
    at Socket._write (node:net:970:8)
    at writeOrBuffer (node:internal/streams/writable:572:12)
    at _write (node:internal/streams/writable:501:10)
    at Writable.write (node:internal/streams/writable:510:10)
    at Console.log (/Users/anandhusatheesh/.nvm/versions/node/v20.19.0/lib/node_modules/firebase-tools/node_modules/winston/lib/winston/transports/console.js:87:23)
    at Console._write (/Users/anandhusatheesh/.nvm/versions/node/v20.19.0/lib/node_modules/firebase-tools/node_modules/winston-transport/modern.js:103:17)
    at doWrite (/Users/anandhusatheesh/.nvm/versions/node/v20.19.0/lib/node_modules/firebase-tools/node_modules/winston-transport/node_modules/readable-stream/lib/_stream_writable.js:390:139)
[error] 
[error] Error: An unexpected error has occurred.
[debug] [2025-11-04T16:16:43.649Z] Error: write EIO
    at afterWriteDispatched (node:internal/stream_base_commons:161:15)
    at writeGeneric (node:internal/stream_base_commons:152:3)
    at Socket._writeGeneric (node:net:958:11)
    at Socket._write (node:net:970:8)
    at writeOrBuffer (node:internal/streams/writable:572:12)
    at _write (node:internal/streams/writable:501:10)
    at Writable.write (node:internal/streams/writable:510:10)
    at Console.log (/Users/anandhusatheesh/.nvm/versions/node/v20.19.0/lib/node_modules/firebase-tools/node_modules/winston/lib/winston/transports/console.js:87:23)
    at Console._write (/Users/anandhusatheesh/.nvm/versions/node/v20.19.0/lib/node_modules/firebase-tools/node_modules/winston-transport/modern.js:103:17)
    at doWrite (/Users/anandhusatheesh/.nvm/versions/node/v20.19.0/lib/node_modules/firebase-tools/node_modules/winston-transport/node_modules/readable-stream/lib/_stream_writable.js:390:139)
[error] 
[error] Error: An unexpected error has occurred.
[debug] [2025-11-04T16:16:43.649Z] Error: write EIO
    at afterWriteDispatched (node:internal/stream_base_commons:161:15)
    at writeGeneric (node:internal/stream_base_commons:152:3)
    at Socket._writeGeneric (node:net:958:11)
    at Socket._write (node:net:970:8)
    at writeOrBuffer (node:internal/streams/writable:572:12)
    at _write (node:internal/streams/writable:501:10)
    at Writable.write (node:internal/streams/writable:510:10)
    at Console.log (/Users/anandhusatheesh/.nvm/versions/node/v20.19.0/lib/node_modules/firebase-tools/node_modules/winston/lib/winston/transports/console.js:87:23)
    at Console._write (/Users/anandhusatheesh/.nvm/versions/node/v20.19.0/lib/node_modules/firebase-tools/node_modules/winston-transport/modern.js:103:17)
    at doWrite (/Users/anandhusatheesh/.nvm/versions/node/v20.19.0/lib/node_modules/firebase-tools/node_modules/winston-transport/node_modules/readable-stream/lib/_stream_writable.js:390:139)
[error] 
[error] Error: An unexpected error has occurred.
[debug] [2025-11-04T16:16:43.649Z] Error: write EIO
    at afterWriteDispatched (node:internal/stream_base_commons:161:15)
    at writeGeneric (node:internal/stream_base_commons:152:3)
    at Socket._writeGeneric (node:net:958:11)
    at Socket._write (node:net:970:8)
    at writeOrBuffer (node:internal/streams/writable:572:12)
    at _write (node:internal/streams/writable:501:10)
    at Writable.write (node:internal/streams/writable:510:10)
    at Console.log (/Users/anandhusatheesh/.nvm/versions/node/v20.19.0/lib/node_modules/firebase-tools/node_modules/winston/lib/winston/transports/console.js:87:23)
    at Console._write (/Users/anandhusatheesh/.nvm/versions/node/v20.19.0/lib/node_modules/firebase-tools/node_modules/winston-transport/modern.js:103:17)
    at doWrite (/Users/anandhusatheesh/.nvm/versions/node/v20.19.0/lib/node_modules/firebase-tools/node_modules/winston-transport/node_modules/readable-stream/lib/_stream_writable.js:390:139)
[error] 
[error] Error: An unexpected error has occurred.
[debug] [2025-11-04T16:16:43.649Z] Error: write EIO
    at afterWriteDispatched (node:internal/stream_base_commons:161:15)
    at writeGeneric (node:internal/stream_base_commons:152:3)
    at Socket._writeGeneric (node:net:958:11)
    at Socket._write (node:net:970:8)
    at writeOrBuffer (node:internal/streams/writable:572:12)
    at _write (node:internal/streams/writable:501:10)
    at Writable.write (node:internal/streams/writable:510:10)
    at Console.log (/Users/anandhusatheesh/.nvm/versions/node/v20.19.0/lib/node_modules/firebase-tools/node_modules/winston/lib/winston/transports/console.js:87:23)
    at Console._write (/Users/anandhusatheesh/.nvm/versions/node/v20.19.0/lib/node_modules/firebase-tools/node_modules/winston-transport/modern.js:103:17)
    at doWrite (/Users/anandhusatheesh/.nvm/versions/node/v20.19.0/lib/node_modules/firebase-tools/node_modules/winston-transport/node_modules/readable-stream/lib/_stream_writable.js:390:139)
[error] 
[error] Error: An unexpected error has occurred.
[debug] [2025-11-04T16:16:43.650Z] Error: write EIO
    at afterWriteDispatched (node:internal/stream_base_commons:161:15)
    at writeGeneric (node:internal/stream_base_commons:152:3)
    at Socket._writeGeneric (node:net:958:11)
    at Socket._write (node:net:970:8)
    at writeOrBuffer (node:internal/streams/writable:572:12)
    at _write (node:internal/streams/writable:501:10)
    at Writable.write (node:internal/streams/writable:510:10)
    at Console.log (/Users/anandhusatheesh/.nvm/versions/node/v20.19.0/lib/node_modules/firebase-tools/node_modules/winston/lib/winston/transports/console.js:87:23)
    at Console._write (/Users/anandhusatheesh/.nvm/versions/node/v20.19.0/lib/node_modules/firebase-tools/node_modules/winston-transport/modern.js:103:17)
    at doWrite (/Users/anandhusatheesh/.nvm/versions/node/v20.19.0/lib/node_modules/firebase-tools/node_modules/winston-transport/node_modules/readable-stream/lib/_stream_writable.js:390:139)
[error] 
[error] Error: An unexpected error has occurred.
[debug] [2025-11-04T16:16:43.650Z] Error: write EIO
    at afterWriteDispatched (node:internal/stream_base_commons:161:15)
    at writeGeneric (node:internal/stream_base_commons:152:3)
    at Socket._writeGeneric (node:net:958:11)
    at Socket._write (node:net:970:8)
    at writeOrBuffer (node:internal/streams/writable:572:12)
    at _write (node:internal/streams/writable:501:10)
    at Writable.write (node:internal/streams/writable:510:10)
    at Console.log (/Users/anandhusatheesh/.nvm/versions/node/v20.19.0/lib/node_modules/firebase-tools/node_modules/winston/lib/winston/transports/console.js:87:23)
    at Console._write (/Users/anandhusatheesh/.nvm/versions/node/v20.19.0/lib/node_modules/firebase-tools/node_modules/winston-transport/modern.js:103:17)
    at doWrite (/Users/anandhusatheesh/.nvm/versions/node/v20.19.0/lib/node_modules/firebase-tools/node_modules/winston-transport/node_modules/readable-stream/lib/_stream_writable.js:390:139)
[error] 
[error] Error: An unexpected error has occurred.
[debug] [2025-11-04T16:16:43.650Z] Error: write EIO
    at afterWriteDispatched (node:internal/stream_base_commons:161:15)
    at writeGeneric (node:internal/stream_base_commons:152:3)
    at Socket._writeGeneric (node:net:958:11)
    at Socket._write (node:net:970:8)
    at writeOrBuffer (node:internal/streams/writable:572:12)
    at _write (node:internal/streams/writable:501:10)
    at Writable.write (node:internal/streams/writable:510:10)
    at Console.log (/Users/anandhusatheesh/.nvm/versions/node/v20.19.0/lib/node_modules/firebase-tools/node_modules/winston/lib/winston/transports/console.js:87:23)
    at Console._write (/Users/anandhusatheesh/.nvm/versions/node/v20.19.0/lib/node_modules/firebase-tools/node_modules/winston-transport/modern.js:103:17)
    at doWrite (/Users/anandhusatheesh/.nvm/versions/node/v20.19.0/lib/node_modules/firebase-tools/node_modules/winston-transport/node_modules/readable-stream/lib/_stream_writable.js:390:139)
[error] 
[error] Error: An unexpected error has occurred.
[debug] [2025-11-04T16:16:43.650Z] Error: write EIO
    at afterWriteDispatched (node:internal/stream_base_commons:161:15)
    at writeGeneric (node:internal/stream_base_commons:152:3)
    at Socket._writeGeneric (node:net:958:11)
    at Socket._write (node:net:970:8)
    at writeOrBuffer (node:internal/streams/writable:572:12)
    at _write (node:internal/streams/writable:501:10)
    at Writable.write (node:internal/streams/writable:510:10)
    at Console.log (/Users/anandhusatheesh/.nvm/versions/node/v20.19.0/lib/node_modules/firebase-tools/node_modules/winston/lib/winston/transports/console.js:87:23)
    at Console._write (/Users/anandhusatheesh/.nvm/versions/node/v20.19.0/lib/node_modules/firebase-tools/node_modules/winston-transport/modern.js:103:17)
    at doWrite (/Users/anandhusatheesh/.nvm/versions/node/v20.19.0/lib/node_modules/firebase-tools/node_modules/winston-transport/node_modules/readable-stream/lib/_stream_writable.js:390:139)
[error] 
[error] Error: An unexpected error has occurred.
[debug] [2025-11-04T16:16:43.650Z] Error: write EIO
    at afterWriteDispatched (node:internal/stream_base_commons:161:15)
    at writeGeneric (node:internal/stream_base_commons:152:3)
    at Socket._writeGeneric (node:net:958:11)
    at Socket._write (node:net:970:8)
    at writeOrBuffer (node:internal/streams/writable:572:12)
    at _write (node:internal/streams/writable:501:10)
    at Writable.write (node:internal/streams/writable:510:10)
    at Console.log (/Users/anandhusatheesh/.nvm/versions/node/v20.19.0/lib/node_modules/firebase-tools/node_modules/winston/lib/winston/transports/console.js:87:23)
    at Console._write (/Users/anandhusatheesh/.nvm/versions/node/v20.19.0/lib/node_modules/firebase-tools/node_modules/winston-transport/modern.js:103:17)
    at doWrite (/Users/anandhusatheesh/.nvm/versions/node/v20.19.0/lib/node_modules/firebase-tools/node_modules/winston-transport/node_modules/readable-stream/lib/_stream_writable.js:390:139)
[error] 
[error] Error: An unexpected error has occurred.
[debug] [2025-11-04T16:16:43.650Z] Error: write EIO
    at afterWriteDispatched (node:internal/stream_base_commons:161:15)
    at writeGeneric (node:internal/stream_base_commons:152:3)
    at Socket._writeGeneric (node:net:958:11)
    at Socket._write (node:net:970:8)
    at writeOrBuffer (node:internal/streams/writable:572:12)
    at _write (node:internal/streams/writable:501:10)
    at Writable.write (node:internal/streams/writable:510:10)
    at Console.log (/Users/anandhusatheesh/.nvm/versions/node/v20.19.0/lib/node_modules/firebase-tools/node_modules/winston/lib/winston/transports/console.js:87:23)
    at Console._write (/Users/anandhusatheesh/.nvm/versions/node/v20.19.0/lib/node_modules/firebase-tools/node_modules/winston-transport/modern.js:103:17)
    at doWrite (/Users/anandhusatheesh/.nvm/versions/node/v20.19.0/lib/node_modules/firebase-tools/node_modules/winston-transport/node_modules/readable-stream/lib/_stream_writable.js:390:139)
[error] 
[error] Error: An unexpected error has occurred.
[debug] [2025-11-04T16:16:43.651Z] Error: write EIO
    at afterWriteDispatched (node:internal/stream_base_commons:161:15)
    at writeGeneric (node:internal/stream_base_commons:152:3)
    at Socket._writeGeneric (node:net:958:11)
    at Socket._write (node:net:970:8)
    at writeOrBuffer (node:internal/streams/writable:572:12)
    at _write (node:internal/streams/writable:501:10)
    at Writable.write (node:internal/streams/writable:510:10)
    at Console.log (/Users/anandhusatheesh/.nvm/versions/node/v20.19.0/lib/node_modules/firebase-tools/node_modules/winston/lib/winston/transports/console.js:87:23)
    at Console._write (/Users/anandhusatheesh/.nvm/versions/node/v20.19.0/lib/node_modules/firebase-tools/node_modules/winston-transport/modern.js:103:17)
    at doWrite (/Users/anandhusatheesh/.nvm/versions/node/v20.19.0/lib/node_modules/firebase-tools/node_modules/winston-transport/node_modules/readable-stream/lib/_stream_writable.js:390:139)
[error] 
[error] Error: An unexpected error has occurred.
[debug] [2025-11-04T16:16:43.651Z] Error: write EIO
    at afterWriteDispatched (node:internal/stream_base_commons:161:15)
    at writeGeneric (node:internal/stream_base_commons:152:3)
    at Socket._writeGeneric (node:net:958:11)
    at Socket._write (node:net:970:8)
    at writeOrBuffer (node:internal/streams/writable:572:12)
    at _write (node:internal/streams/writable:501:10)
    at Writable.write (node:internal/streams/writable:510:10)
    at Console.log (/Users/anandhusatheesh/.nvm/versions/node/v20.19.0/lib/node_modules/firebase-tools/node_modules/winston/lib/winston/transports/console.js:87:23)
    at Console._write (/Users/anandhusatheesh/.nvm/versions/node/v20.19.0/lib/node_modules/firebase-tools/node_modules/winston-transport/modern.js:103:17)
    at doWrite (/Users/anandhusatheesh/.nvm/versions/node/v20.19.0/lib/node_modules/firebase-tools/node_modules/winston-transport/node_modules/readable-stream/lib/_stream_writable.js:390:139)
[error] 
[error] Error: An unexpected error has occurred.
[debug] [2025-11-04T16:16:43.651Z] Error: write EIO
    at afterWriteDispatched (node:internal/stream_base_commons:161:15)
    at writeGeneric (node:internal/stream_base_commons:152:3)
    at Socket._writeGeneric (node:net:958:11)
    at Socket._write (node:net:970:8)
    at writeOrBuffer (node:internal/streams/writable:572:12)
    at _write (node:internal/streams/writable:501:10)
    at Writable.write (node:internal/streams/writable:510:10)
    at Console.log (/Users/anandhusatheesh/.nvm/versions/node/v20.19.0/lib/node_modules/firebase-tools/node_modules/winston/lib/winston/transports/console.js:87:23)
    at Console._write (/Users/anandhusatheesh/.nvm/versions/node/v20.19.0/lib/node_modules/firebase-tools/node_modules/winston-transport/modern.js:103:17)
    at doWrite (/Users/anandhusatheesh/.nvm/versions/node/v20.19.0/lib/node_modules/firebase-tools/node_modules/winston-transport/node_modules/readable-stream/lib/_stream_writable.js:390:139)
[error] 
[error] Error: An unexpected error has occurred.
[debug] [2025-11-04T16:16:43.652Z] Error: write EIO
    at afterWriteDispatched (node:internal/stream_base_commons:161:15)
    at writeGeneric (node:internal/stream_base_commons:152:3)
    at Socket._writeGeneric (node:net:958:11)
    at Socket._write (node:net:970:8)
    at writeOrBuffer (node:internal/streams/writable:572:12)
    at _write (node:internal/streams/writable:501:10)
    at Writable.write (node:internal/streams/writable:510:10)
    at Console.log (/Users/anandhusatheesh/.nvm/versions/node/v20.19.0/lib/node_modules/firebase-tools/node_modules/winston/lib/winston/transports/console.js:87:23)
    at Console._write (/Users/anandhusatheesh/.nvm/versions/node/v20.19.0/lib/node_modules/firebase-tools/node_modules/winston-transport/modern.js:103:17)
    at doWrite (/Users/anandhusatheesh/.nvm/versions/node/v20.19.0/lib/node_modules/firebase-tools/node_modules/winston-transport/node_modules/readable-stream/lib/_stream_writable.js:390:139)
[error] 
[error] Error: An unexpected error has occurred.
[debug] [2025-11-04T16:16:43.652Z] Error: write EIO
    at afterWriteDispatched (node:internal/stream_base_commons:161:15)
    at writeGeneric (node:internal/stream_base_commons:152:3)
    at Socket._writeGeneric (node:net:958:11)
    at Socket._write (node:net:970:8)
    at writeOrBuffer (node:internal/streams/writable:572:12)
    at _write (node:internal/streams/writable:501:10)
    at Writable.write (node:internal/streams/writable:510:10)
    at Console.log (/Users/anandhusatheesh/.nvm/versions/node/v20.19.0/lib/node_modules/firebase-tools/node_modules/winston/lib/winston/transports/console.js:87:23)
    at Console._write (/Users/anandhusatheesh/.nvm/versions/node/v20.19.0/lib/node_modules/firebase-tools/node_modules/winston-transport/modern.js:103:17)
    at doWrite (/Users/anandhusatheesh/.nvm/versions/node/v20.19.0/lib/node_modules/firebase-tools/node_modules/winston-transport/node_modules/readable-stream/lib/_stream_writable.js:390:139)
[error] 
[error] Error: An unexpected error has occurred.
[debug] [2025-11-04T16:16:43.652Z] Error: write EIO
    at afterWriteDispatched (node:internal/stream_base_commons:161:15)
    at writeGeneric (node:internal/stream_base_commons:152:3)
    at Socket._writeGeneric (node:net:958:11)
    at Socket._write (node:net:970:8)
    at writeOrBuffer (node:internal/streams/writable:572:12)
    at _write (node:internal/streams/writable:501:10)
    at Writable.write (node:internal/streams/writable:510:10)
    at Console.log (/Users/anandhusatheesh/.nvm/versions/node/v20.19.0/lib/node_modules/firebase-tools/node_modules/winston/lib/winston/transports/console.js:87:23)
    at Console._write (/Users/anandhusatheesh/.nvm/versions/node/v20.19.0/lib/node_modules/firebase-tools/node_modules/winston-transport/modern.js:103:17)
    at doWrite (/Users/anandhusatheesh/.nvm/versions/node/v20.19.0/lib/node_modules/firebase-tools/node_modules/winston-transport/node_modules/readable-stream/lib/_stream_writable.js:390:139)
[error] 
[error] Error: An unexpected error has occurred.
[debug] [2025-11-04T16:16:43.653Z] Error: write EIO
    at afterWriteDispatched (node:internal/stream_base_commons:161:15)
    at writeGeneric (node:internal/stream_base_commons:152:3)
    at Socket._writeGeneric (node:net:958:11)
    at Socket._write (node:net:970:8)
    at writeOrBuffer (node:internal/streams/writable:572:12)
    at _write (node:internal/streams/writable:501:10)
    at Writable.write (node:internal/streams/writable:510:10)
    at Console.log (/Users/anandhusatheesh/.nvm/versions/node/v20.19.0/lib/node_modules/firebase-tools/node_modules/winston/lib/winston/transports/console.js:87:23)
    at Console._write (/Users/anandhusatheesh/.nvm/versions/node/v20.19.0/lib/node_modules/firebase-tools/node_modules/winston-transport/modern.js:103:17)
    at doWrite (/Users/anandhusatheesh/.nvm/versions/node/v20.19.0/lib/node_modules/firebase-tools/node_modules/winston-transport/node_modules/readable-stream/lib/_stream_writable.js:390:139)
[error] 
[error] Error: An unexpected error has occurred.
[debug] [2025-11-04T16:16:43.653Z] Error: write EIO
    at afterWriteDispatched (node:internal/stream_base_commons:161:15)
    at writeGeneric (node:internal/stream_base_commons:152:3)
    at Socket._writeGeneric (node:net:958:11)
    at Socket._write (node:net:970:8)
    at writeOrBuffer (node:internal/streams/writable:572:12)
    at _write (node:internal/streams/writable:501:10)
    at Writable.write (node:internal/streams/writable:510:10)
    at Console.log (/Users/anandhusatheesh/.nvm/versions/node/v20.19.0/lib/node_modules/firebase-tools/node_modules/winston/lib/winston/transports/console.js:87:23)
    at Console._write (/Users/anandhusatheesh/.nvm/versions/node/v20.19.0/lib/node_modules/firebase-tools/node_modules/winston-transport/modern.js:103:17)
    at doWrite (/Users/anandhusatheesh/.nvm/versions/node/v20.19.0/lib/node_modules/firebase-tools/node_modules/winston-transport/node_modules/readable-stream/lib/_stream_writable.js:390:139)
[error] 
[error] Error: An unexpected error has occurred.
[debug] [2025-11-04T16:16:43.653Z] Error: write EIO
    at afterWriteDispatched (node:internal/stream_base_commons:161:15)
    at writeGeneric (node:internal/stream_base_commons:152:3)
    at Socket._writeGeneric (node:net:958:11)
    at Socket._write (node:net:970:8)
    at writeOrBuffer (node:internal/streams/writable:572:12)
    at _write (node:internal/streams/writable:501:10)
    at Writable.write (node:internal/streams/writable:510:10)
    at Console.log (/Users/anandhusatheesh/.nvm/versions/node/v20.19.0/lib/node_modules/firebase-tools/node_modules/winston/lib/winston/transports/console.js:87:23)
    at Console._write (/Users/anandhusatheesh/.nvm/versions/node/v20.19.0/lib/node_modules/firebase-tools/node_modules/winston-transport/modern.js:103:17)
    at doWrite (/Users/anandhusatheesh/.nvm/versions/node/v20.19.0/lib/node_modules/firebase-tools/node_modules/winston-transport/node_modules/readable-stream/lib/_stream_writable.js:390:139)
[error] 
[error] Error: An unexpected error has occurred.
[debug] [2025-11-04T16:16:43.653Z] Error: write EIO
    at afterWriteDispatched (node:internal/stream_base_commons:161:15)
    at writeGeneric (node:internal/stream_base_commons:152:3)
    at Socket._writeGeneric (node:net:958:11)
    at Socket._write (node:net:970:8)
    at writeOrBuffer (node:internal/streams/writable:572:12)
    at _write (node:internal/streams/writable:501:10)
    at Writable.write (node:internal/streams/writable:510:10)
    at Console.log (/Users/anandhusatheesh/.nvm/versions/node/v20.19.0/lib/node_modules/firebase-tools/node_modules/winston/lib/winston/transports/console.js:87:23)
    at Console._write (/Users/anandhusatheesh/.nvm/versions/node/v20.19.0/lib/node_modules/firebase-tools/node_modules/winston-transport/modern.js:103:17)
    at doWrite (/Users/anandhusatheesh/.nvm/versions/node/v20.19.0/lib/node_modules/firebase-tools/node_modules/winston-transport/node_modules/readable-stream/lib/_stream_writable.js:390:139)
[error] 
[error] Error: An unexpected error has occurred.
[debug] [2025-11-04T16:16:43.654Z] Error: write EIO
    at afterWriteDispatched (node:internal/stream_base_commons:161:15)
    at writeGeneric (node:internal/stream_base_commons:152:3)
    at Socket._writeGeneric (node:net:958:11)
    at Socket._write (node:net:970:8)
    at writeOrBuffer (node:internal/streams/writable:572:12)
    at _write (node:internal/streams/writable:501:10)
    at Writable.write (node:internal/streams/writable:510:10)
    at Console.log (/Users/anandhusatheesh/.nvm/versions/node/v20.19.0/lib/node_modules/firebase-tools/node_modules/winston/lib/winston/transports/console.js:87:23)
    at Console._write (/Users/anandhusatheesh/.nvm/versions/node/v20.19.0/lib/node_modules/firebase-tools/node_modules/winston-transport/modern.js:103:17)
    at doWrite (/Users/anandhusatheesh/.nvm/versions/node/v20.19.0/lib/node_modules/firebase-tools/node_modules/winston-transport/node_modules/readable-stream/lib/_stream_writable.js:390:139)
[error] 
[error] Error: An unexpected error has occurred.
[debug] [2025-11-04T16:16:43.654Z] Error: write EIO
    at afterWriteDispatched (node:internal/stream_base_commons:161:15)
    at writeGeneric (node:internal/stream_base_commons:152:3)
    at Socket._writeGeneric (node:net:958:11)
    at Socket._write (node:net:970:8)
    at writeOrBuffer (node:internal/streams/writable:572:12)
    at _write (node:internal/streams/writable:501:10)
    at Writable.write (node:internal/streams/writable:510:10)
    at Console.log (/Users/anandhusatheesh/.nvm/versions/node/v20.19.0/lib/node_modules/firebase-tools/node_modules/winston/lib/winston/transports/console.js:87:23)
    at Console._write (/Users/anandhusatheesh/.nvm/versions/node/v20.19.0/lib/node_modules/firebase-tools/node_modules/winston-transport/modern.js:103:17)
    at doWrite (/Users/anandhusatheesh/.nvm/versions/node/v20.19.0/lib/node_modules/firebase-tools/node_modules/winston-transport/node_modules/readable-stream/lib/_stream_writable.js:390:139)
[error] 
[error] Error: An unexpected error has occurred.
[debug] [2025-11-04T16:16:43.660Z] Error: write EIO
    at afterWriteDispatched (node:internal/stream_base_commons:161:15)
    at writeGeneric (node:internal/stream_base_commons:152:3)
    at Socket._writeGeneric (node:net:958:11)
    at Socket._write (node:net:970:8)
    at writeOrBuffer (node:internal/streams/writable:572:12)
    at _write (node:internal/streams/writable:501:10)
    at Writable.write (node:internal/streams/writable:510:10)
    at Console.log (/Users/anandhusatheesh/.nvm/versions/node/v20.19.0/lib/node_modules/firebase-tools/node_modules/winston/lib/winston/transports/console.js:87:23)
    at Console._write (/Users/anandhusatheesh/.nvm/versions/node/v20.19.0/lib/node_modules/firebase-tools/node_modules/winston-transport/modern.js:103:17)
    at doWrite (/Users/anandhusatheesh/.nvm/versions/node/v20.19.0/lib/node_modules/firebase-tools/node_modules/winston-transport/node_modules/readable-stream/lib/_stream_writable.js:390:139)
[error] 
[error] Error: An unexpected error has occurred.
[debug] [2025-11-04T16:16:43.660Z] Error: write EIO
    at afterWriteDispatched (node:internal/stream_base_commons:161:15)
    at writeGeneric (node:internal/stream_base_commons:152:3)
    at Socket._writeGeneric (node:net:958:11)
    at Socket._write (node:net:970:8)
    at writeOrBuffer (node:internal/streams/writable:572:12)
    at _write (node:internal/streams/writable:501:10)
    at Writable.write (node:internal/streams/writable:510:10)
    at Console.log (/Users/anandhusatheesh/.nvm/versions/node/v20.19.0/lib/node_modules/firebase-tools/node_modules/winston/lib/winston/transports/console.js:87:23)
    at Console._write (/Users/anandhusatheesh/.nvm/versions/node/v20.19.0/lib/node_modules/firebase-tools/node_modules/winston-transport/modern.js:103:17)
    at doWrite (/Users/anandhusatheesh/.nvm/versions/node/v20.19.0/lib/node_modules/firebase-tools/node_modules/winston-transport/node_modules/readable-stream/lib/_stream_writable.js:390:139)
[error] 
[error] Error: An unexpected error has occurred.
[debug] [2025-11-04T16:16:43.660Z] Error: write EIO
    at afterWriteDispatched (node:internal/stream_base_commons:161:15)
    at writeGeneric (node:internal/stream_base_commons:152:3)
    at Socket._writeGeneric (node:net:958:11)
    at Socket._write (node:net:970:8)
    at writeOrBuffer (node:internal/streams/writable:572:12)
    at _write (node:internal/streams/writable:501:10)
    at Writable.write (node:internal/streams/writable:510:10)
    at Console.log (/Users/anandhusatheesh/.nvm/versions/node/v20.19.0/lib/node_modules/firebase-tools/node_modules/winston/lib/winston/transports/console.js:87:23)
    at Console._write (/Users/anandhusatheesh/.nvm/versions/node/v20.19.0/lib/node_modules/firebase-tools/node_modules/winston-transport/modern.js:103:17)
    at doWrite (/Users/anandhusatheesh/.nvm/versions/node/v20.19.0/lib/node_modules/firebase-tools/node_modules/winston-transport/node_modules/readable-stream/lib/_stream_writable.js:390:139)
[error] 
[error] Error: An unexpected error has occurred.
[debug] [2025-11-04T16:16:43.661Z] Error: write EIO
    at afterWriteDispatched (node:internal/stream_base_commons:161:15)
    at writeGeneric (node:internal/stream_base_commons:152:3)
    at Socket._writeGeneric (node:net:958:11)
    at Socket._write (node:net:970:8)
    at writeOrBuffer (node:internal/streams/writable:572:12)
    at _write (node:internal/streams/writable:501:10)
    at Writable.write (node:internal/streams/writable:510:10)
    at Console.log (/Users/anandhusatheesh/.nvm/versions/node/v20.19.0/lib/node_modules/firebase-tools/node_modules/winston/lib/winston/transports/console.js:87:23)
    at Console._write (/Users/anandhusatheesh/.nvm/versions/node/v20.19.0/lib/node_modules/firebase-tools/node_modules/winston-transport/modern.js:103:17)
    at doWrite (/Users/anandhusatheesh/.nvm/versions/node/v20.19.0/lib/node_modules/firebase-tools/node_modules/winston-transport/node_modules/readable-stream/lib/_stream_writable.js:390:139)
[error] 
[error] Error: An unexpected error has occurred.
[debug] [2025-11-04T16:16:43.661Z] Error: write EIO
    at afterWriteDispatched (node:internal/stream_base_commons:161:15)
    at writeGeneric (node:internal/stream_base_commons:152:3)
    at Socket._writeGeneric (node:net:958:11)
    at Socket._write (node:net:970:8)
    at writeOrBuffer (node:internal/streams/writable:572:12)
    at _write (node:internal/streams/writable:501:10)
    at Writable.write (node:internal/streams/writable:510:10)
    at Console.log (/Users/anandhusatheesh/.nvm/versions/node/v20.19.0/lib/node_modules/firebase-tools/node_modules/winston/lib/winston/transports/console.js:87:23)
    at Console._write (/Users/anandhusatheesh/.nvm/versions/node/v20.19.0/lib/node_modules/firebase-tools/node_modules/winston-transport/modern.js:103:17)
    at doWrite (/Users/anandhusatheesh/.nvm/versions/node/v20.19.0/lib/node_modules/firebase-tools/node_modules/winston-transport/node_modules/readable-stream/lib/_stream_writable.js:390:139)
[error] 
[error] Error: An unexpected error has occurred.
[debug] [2025-11-04T16:16:43.661Z] Error: write EIO
    at afterWriteDispatched (node:internal/stream_base_commons:161:15)
    at writeGeneric (node:internal/stream_base_commons:152:3)
    at Socket._writeGeneric (node:net:958:11)
    at Socket._write (node:net:970:8)
    at writeOrBuffer (node:internal/streams/writable:572:12)
    at _write (node:internal/streams/writable:501:10)
    at Writable.write (node:internal/streams/writable:510:10)
    at Console.log (/Users/anandhusatheesh/.nvm/versions/node/v20.19.0/lib/node_modules/firebase-tools/node_modules/winston/lib/winston/transports/console.js:87:23)
    at Console._write (/Users/anandhusatheesh/.nvm/versions/node/v20.19.0/lib/node_modules/firebase-tools/node_modules/winston-transport/modern.js:103:17)
    at doWrite (/Users/anandhusatheesh/.nvm/versions/node/v20.19.0/lib/node_modules/firebase-tools/node_modules/winston-transport/node_modules/readable-stream/lib/_stream_writable.js:390:139)
[error] 
[error] Error: An unexpected error has occurred.
[debug] [2025-11-04T16:16:43.661Z] Error: write EIO
    at afterWriteDispatched (node:internal/stream_base_commons:161:15)
    at writeGeneric (node:internal/stream_base_commons:152:3)
    at Socket._writeGeneric (node:net:958:11)
    at Socket._write (node:net:970:8)
    at writeOrBuffer (node:internal/streams/writable:572:12)
    at _write (node:internal/streams/writable:501:10)
    at Writable.write (node:internal/streams/writable:510:10)
    at Console.log (/Users/anandhusatheesh/.nvm/versions/node/v20.19.0/lib/node_modules/firebase-tools/node_modules/winston/lib/winston/transports/console.js:87:23)
    at Console._write (/Users/anandhusatheesh/.nvm/versions/node/v20.19.0/lib/node_modules/firebase-tools/node_modules/winston-transport/modern.js:103:17)
    at doWrite (/Users/anandhusatheesh/.nvm/versions/node/v20.19.0/lib/node_modules/firebase-tools/node_modules/winston-transport/node_modules/readable-stream/lib/_stream_writable.js:390:139)
[error] 
[error] Error: An unexpected error has occurred.
[debug] [2025-11-04T16:16:43.662Z] Error: write EIO
    at afterWriteDispatched (node:internal/stream_base_commons:161:15)
    at writeGeneric (node:internal/stream_base_commons:152:3)
    at Socket._writeGeneric (node:net:958:11)
    at Socket._write (node:net:970:8)
    at writeOrBuffer (node:internal/streams/writable:572:12)
    at _write (node:internal/streams/writable:501:10)
    at Writable.write (node:internal/streams/writable:510:10)
    at Console.log (/Users/anandhusatheesh/.nvm/versions/node/v20.19.0/lib/node_modules/firebase-tools/node_modules/winston/lib/winston/transports/console.js:87:23)
    at Console._write (/Users/anandhusatheesh/.nvm/versions/node/v20.19.0/lib/node_modules/firebase-tools/node_modules/winston-transport/modern.js:103:17)
    at doWrite (/Users/anandhusatheesh/.nvm/versions/node/v20.19.0/lib/node_modules/firebase-tools/node_modules/winston-transport/node_modules/readable-stream/lib/_stream_writable.js:390:139)
[error] 
[error] Error: An unexpected error has occurred.
[debug] [2025-11-04T16:16:43.662Z] Error: write EIO
    at afterWriteDispatched (node:internal/stream_base_commons:161:15)
    at writeGeneric (node:internal/stream_base_commons:152:3)
    at Socket._writeGeneric (node:net:958:11)
    at Socket._write (node:net:970:8)
    at writeOrBuffer (node:internal/streams/writable:572:12)
    at _write (node:internal/streams/writable:501:10)
    at Writable.write (node:internal/streams/writable:510:10)
    at Console.log (/Users/anandhusatheesh/.nvm/versions/node/v20.19.0/lib/node_modules/firebase-tools/node_modules/winston/lib/winston/transports/console.js:87:23)
    at Console._write (/Users/anandhusatheesh/.nvm/versions/node/v20.19.0/lib/node_modules/firebase-tools/node_modules/winston-transport/modern.js:103:17)
    at doWrite (/Users/anandhusatheesh/.nvm/versions/node/v20.19.0/lib/node_modules/firebase-tools/node_modules/winston-transport/node_modules/readable-stream/lib/_stream_writable.js:390:139)
[error] 
[error] Error: An unexpected error has occurred.
[debug] [2025-11-04T16:16:43.662Z] Error: write EIO
    at afterWriteDispatched (node:internal/stream_base_commons:161:15)
    at writeGeneric (node:internal/stream_base_commons:152:3)
    at Socket._writeGeneric (node:net:958:11)
    at Socket._write (node:net:970:8)
    at writeOrBuffer (node:internal/streams/writable:572:12)
    at _write (node:internal/streams/writable:501:10)
    at Writable.write (node:internal/streams/writable:510:10)
    at Console.log (/Users/anandhusatheesh/.nvm/versions/node/v20.19.0/lib/node_modules/firebase-tools/node_modules/winston/lib/winston/transports/console.js:87:23)
    at Console._write (/Users/anandhusatheesh/.nvm/versions/node/v20.19.0/lib/node_modules/firebase-tools/node_modules/winston-transport/modern.js:103:17)
    at doWrite (/Users/anandhusatheesh/.nvm/versions/node/v20.19.0/lib/node_modules/firebase-tools/node_modules/winston-transport/node_modules/readable-stream/lib/_stream_writable.js:390:139)
[error] 
[error] Error: An unexpected error has occurred.
[debug] [2025-11-04T16:16:43.662Z] Error: write EIO
    at afterWriteDispatched (node:internal/stream_base_commons:161:15)
    at writeGeneric (node:internal/stream_base_commons:152:3)
    at Socket._writeGeneric (node:net:958:11)
    at Socket._write (node:net:970:8)
    at writeOrBuffer (node:internal/streams/writable:572:12)
    at _write (node:internal/streams/writable:501:10)
    at Writable.write (node:internal/streams/writable:510:10)
    at Console.log (/Users/anandhusatheesh/.nvm/versions/node/v20.19.0/lib/node_modules/firebase-tools/node_modules/winston/lib/winston/transports/console.js:87:23)
    at Console._write (/Users/anandhusatheesh/.nvm/versions/node/v20.19.0/lib/node_modules/firebase-tools/node_modules/winston-transport/modern.js:103:17)
    at doWrite (/Users/anandhusatheesh/.nvm/versions/node/v20.19.0/lib/node_modules/firebase-tools/node_modules/winston-transport/node_modules/readable-stream/lib/_stream_writable.js:390:139)
[error] 
[error] Error: An unexpected error has occurred.
[debug] [2025-11-04T16:16:43.662Z] Error: write EIO
    at afterWriteDispatched (node:internal/stream_base_commons:161:15)
    at writeGeneric (node:internal/stream_base_commons:152:3)
    at Socket._writeGeneric (node:net:958:11)
    at Socket._write (node:net:970:8)
    at writeOrBuffer (node:internal/streams/writable:572:12)
    at _write (node:internal/streams/writable:501:10)
    at Writable.write (node:internal/streams/writable:510:10)
    at Console.log (/Users/anandhusatheesh/.nvm/versions/node/v20.19.0/lib/node_modules/firebase-tools/node_modules/winston/lib/winston/transports/console.js:87:23)
    at Console._write (/Users/anandhusatheesh/.nvm/versions/node/v20.19.0/lib/node_modules/firebase-tools/node_modules/winston-transport/modern.js:103:17)
    at doWrite (/Users/anandhusatheesh/.nvm/versions/node/v20.19.0/lib/node_modules/firebase-tools/node_modules/winston-transport/node_modules/readable-stream/lib/_stream_writable.js:390:139)
[error] 
[error] Error: An unexpected error has occurred.
[debug] [2025-11-04T16:16:43.663Z] Error: write EIO
    at afterWriteDispatched (node:internal/stream_base_commons:161:15)
    at writeGeneric (node:internal/stream_base_commons:152:3)
    at Socket._writeGeneric (node:net:958:11)
    at Socket._write (node:net:970:8)
    at writeOrBuffer (node:internal/streams/writable:572:12)
    at _write (node:internal/streams/writable:501:10)
    at Writable.write (node:internal/streams/writable:510:10)
    at Console.log (/Users/anandhusatheesh/.nvm/versions/node/v20.19.0/lib/node_modules/firebase-tools/node_modules/winston/lib/winston/transports/console.js:87:23)
    at Console._write (/Users/anandhusatheesh/.nvm/versions/node/v20.19.0/lib/node_modules/firebase-tools/node_modules/winston-transport/modern.js:103:17)
    at doWrite (/Users/anandhusatheesh/.nvm/versions/node/v20.19.0/lib/node_modules/firebase-tools/node_modules/winston-transport/node_modules/readable-stream/lib/_stream_writable.js:390:139)
[error] 
[error] Error: An unexpected error has occurred.
[debug] [2025-11-04T16:16:43.663Z] Error: write EIO
    at afterWriteDispatched (node:internal/stream_base_commons:161:15)
    at writeGeneric (node:internal/stream_base_commons:152:3)
    at Socket._writeGeneric (node:net:958:11)
    at Socket._write (node:net:970:8)
    at writeOrBuffer (node:internal/streams/writable:572:12)
    at _write (node:internal/streams/writable:501:10)
    at Writable.write (node:internal/streams/writable:510:10)
    at Console.log (/Users/anandhusatheesh/.nvm/versions/node/v20.19.0/lib/node_modules/firebase-tools/node_modules/winston/lib/winston/transports/console.js:87:23)
    at Console._write (/Users/anandhusatheesh/.nvm/versions/node/v20.19.0/lib/node_modules/firebase-tools/node_modules/winston-transport/modern.js:103:17)
    at doWrite (/Users/anandhusatheesh/.nvm/versions/node/v20.19.0/lib/node_modules/firebase-tools/node_modules/winston-transport/node_modules/readable-stream/lib/_stream_writable.js:390:139)
[error] 
[error] Error: An unexpected error has occurred.
[debug] [2025-11-04T16:16:43.663Z] Error: write EIO
    at afterWriteDispatched (node:internal/stream_base_commons:161:15)
    at writeGeneric (node:internal/stream_base_commons:152:3)
    at Socket._writeGeneric (node:net:958:11)
    at Socket._write (node:net:970:8)
    at writeOrBuffer (node:internal/streams/writable:572:12)
    at _write (node:internal/streams/writable:501:10)
    at Writable.write (node:internal/streams/writable:510:10)
    at Console.log (/Users/anandhusatheesh/.nvm/versions/node/v20.19.0/lib/node_modules/firebase-tools/node_modules/winston/lib/winston/transports/console.js:87:23)
    at Console._write (/Users/anandhusatheesh/.nvm/versions/node/v20.19.0/lib/node_modules/firebase-tools/node_modules/winston-transport/modern.js:103:17)
    at doWrite (/Users/anandhusatheesh/.nvm/versions/node/v20.19.0/lib/node_modules/firebase-tools/node_modules/winston-transport/node_modules/readable-stream/lib/_stream_writable.js:390:139)
[error] 
[error] Error: An unexpected error has occurred.
[debug] [2025-11-04T16:16:43.663Z] Error: write EIO
    at afterWriteDispatched (node:internal/stream_base_commons:161:15)
    at writeGeneric (node:internal/stream_base_commons:152:3)
    at Socket._writeGeneric (node:net:958:11)
    at Socket._write (node:net:970:8)
    at writeOrBuffer (node:internal/streams/writable:572:12)
    at _write (node:internal/streams/writable:501:10)
    at Writable.write (node:internal/streams/writable:510:10)
    at Console.log (/Users/anandhusatheesh/.nvm/versions/node/v20.19.0/lib/node_modules/firebase-tools/node_modules/winston/lib/winston/transports/console.js:87:23)
    at Console._write (/Users/anandhusatheesh/.nvm/versions/node/v20.19.0/lib/node_modules/firebase-tools/node_modules/winston-transport/modern.js:103:17)
    at doWrite (/Users/anandhusatheesh/.nvm/versions/node/v20.19.0/lib/node_modules/firebase-tools/node_modules/winston-transport/node_modules/readable-stream/lib/_stream_writable.js:390:139)
[error] 
[error] Error: An unexpected error has occurred.
[debug] [2025-11-04T16:16:43.663Z] Error: write EIO
    at afterWriteDispatched (node:internal/stream_base_commons:161:15)
    at writeGeneric (node:internal/stream_base_commons:152:3)
    at Socket._writeGeneric (node:net:958:11)
    at Socket._write (node:net:970:8)
    at writeOrBuffer (node:internal/streams/writable:572:12)
    at _write (node:internal/streams/writable:501:10)
    at Writable.write (node:internal/streams/writable:510:10)
    at Console.log (/Users/anandhusatheesh/.nvm/versions/node/v20.19.0/lib/node_modules/firebase-tools/node_modules/winston/lib/winston/transports/console.js:87:23)
    at Console._write (/Users/anandhusatheesh/.nvm/versions/node/v20.19.0/lib/node_modules/firebase-tools/node_modules/winston-transport/modern.js:103:17)
    at doWrite (/Users/anandhusatheesh/.nvm/versions/node/v20.19.0/lib/node_modules/firebase-tools/node_modules/winston-transport/node_modules/readable-stream/lib/_stream_writable.js:390:139)
[error] 
[error] Error: An unexpected error has occurred.
[debug] [2025-11-04T16:16:43.664Z] Error: write EIO
    at afterWriteDispatched (node:internal/stream_base_commons:161:15)
    at writeGeneric (node:internal/stream_base_commons:152:3)
    at Socket._writeGeneric (node:net:958:11)
    at Socket._write (node:net:970:8)
    at writeOrBuffer (node:internal/streams/writable:572:12)
    at _write (node:internal/streams/writable:501:10)
    at Writable.write (node:internal/streams/writable:510:10)
    at Console.log (/Users/anandhusatheesh/.nvm/versions/node/v20.19.0/lib/node_modules/firebase-tools/node_modules/winston/lib/winston/transports/console.js:87:23)
    at Console._write (/Users/anandhusatheesh/.nvm/versions/node/v20.19.0/lib/node_modules/firebase-tools/node_modules/winston-transport/modern.js:103:17)
    at doWrite (/Users/anandhusatheesh/.nvm/versions/node/v20.19.0/lib/node_modules/firebase-tools/node_modules/winston-transport/node_modules/readable-stream/lib/_stream_writable.js:390:139)
[error] 
[error] Error: An unexpected error has occurred.
[debug] [2025-11-04T16:16:43.664Z] Error: write EIO
    at afterWriteDispatched (node:internal/stream_base_commons:161:15)
    at writeGeneric (node:internal/stream_base_commons:152:3)
    at Socket._writeGeneric (node:net:958:11)
    at Socket._write (node:net:970:8)
    at writeOrBuffer (node:internal/streams/writable:572:12)
    at _write (node:internal/streams/writable:501:10)
    at Writable.write (node:internal/streams/writable:510:10)
    at Console.log (/Users/anandhusatheesh/.nvm/versions/node/v20.19.0/lib/node_modules/firebase-tools/node_modules/winston/lib/winston/transports/console.js:87:23)
    at Console._write (/Users/anandhusatheesh/.nvm/versions/node/v20.19.0/lib/node_modules/firebase-tools/node_modules/winston-transport/modern.js:103:17)
    at doWrite (/Users/anandhusatheesh/.nvm/versions/node/v20.19.0/lib/node_modules/firebase-tools/node_modules/winston-transport/node_modules/readable-stream/lib/_stream_writable.js:390:139)
[error] 
[error] Error: An unexpected error has occurred.
[debug] [2025-11-04T16:16:43.664Z] Error: write EIO
    at afterWriteDispatched (node:internal/stream_base_commons:161:15)
    at writeGeneric (node:internal/stream_base_commons:152:3)
    at Socket._writeGeneric (node:net:958:11)
    at Socket._write (node:net:970:8)
    at writeOrBuffer (node:internal/streams/writable:572:12)
    at _write (node:internal/streams/writable:501:10)
    at Writable.write (node:internal/streams/writable:510:10)
    at Console.log (/Users/anandhusatheesh/.nvm/versions/node/v20.19.0/lib/node_modules/firebase-tools/node_modules/winston/lib/winston/transports/console.js:87:23)
    at Console._write (/Users/anandhusatheesh/.nvm/versions/node/v20.19.0/lib/node_modules/firebase-tools/node_modules/winston-transport/modern.js:103:17)
    at doWrite (/Users/anandhusatheesh/.nvm/versions/node/v20.19.0/lib/node_modules/firebase-tools/node_modules/winston-transport/node_modules/readable-stream/lib/_stream_writable.js:390:139)
[error] 
[error] Error: An unexpected error has occurred.
[debug] [2025-11-04T16:16:43.665Z] Error: write EIO
    at afterWriteDispatched (node:internal/stream_base_commons:161:15)
    at writeGeneric (node:internal/stream_base_commons:152:3)
    at Socket._writeGeneric (node:net:958:11)
    at Socket._write (node:net:970:8)
    at writeOrBuffer (node:internal/streams/writable:572:12)
    at _write (node:internal/streams/writable:501:10)
    at Writable.write (node:internal/streams/writable:510:10)
    at Console.log (/Users/anandhusatheesh/.nvm/versions/node/v20.19.0/lib/node_modules/firebase-tools/node_modules/winston/lib/winston/transports/console.js:87:23)
    at Console._write (/Users/anandhusatheesh/.nvm/versions/node/v20.19.0/lib/node_modules/firebase-tools/node_modules/winston-transport/modern.js:103:17)
    at doWrite (/Users/anandhusatheesh/.nvm/versions/node/v20.19.0/lib/node_modules/firebase-tools/node_modules/winston-transport/node_modules/readable-stream/lib/_stream_writable.js:390:139)
[error] 
[error] Error: An unexpected error has occurred.
[debug] [2025-11-04T16:16:43.666Z] Error: write EIO
    at afterWriteDispatched (node:internal/stream_base_commons:161:15)
    at writeGeneric (node:internal/stream_base_commons:152:3)
    at Socket._writeGeneric (node:net:958:11)
    at Socket._write (node:net:970:8)
    at writeOrBuffer (node:internal/streams/writable:572:12)
    at _write (node:internal/streams/writable:501:10)
    at Writable.write (node:internal/streams/writable:510:10)
    at Console.log (/Users/anandhusatheesh/.nvm/versions/node/v20.19.0/lib/node_modules/firebase-tools/node_modules/winston/lib/winston/transports/console.js:87:23)
    at Console._write (/Users/anandhusatheesh/.nvm/versions/node/v20.19.0/lib/node_modules/firebase-tools/node_modules/winston-transport/modern.js:103:17)
    at doWrite (/Users/anandhusatheesh/.nvm/versions/node/v20.19.0/lib/node_modules/firebase-tools/node_modules/winston-transport/node_modules/readable-stream/lib/_stream_writable.js:390:139)
[error] 
[error] Error: An unexpected error has occurred.
[debug] [2025-11-04T16:16:43.667Z] Error: write EIO
    at afterWriteDispatched (node:internal/stream_base_commons:161:15)
    at writeGeneric (node:internal/stream_base_commons:152:3)
    at Socket._writeGeneric (node:net:958:11)
    at Socket._write (node:net:970:8)
    at writeOrBuffer (node:internal/streams/writable:572:12)
    at _write (node:internal/streams/writable:501:10)
    at Writable.write (node:internal/streams/writable:510:10)
    at Console.log (/Users/anandhusatheesh/.nvm/versions/node/v20.19.0/lib/node_modules/firebase-tools/node_modules/winston/lib/winston/transports/console.js:87:23)
    at Console._write (/Users/anandhusatheesh/.nvm/versions/node/v20.19.0/lib/node_modules/firebase-tools/node_modules/winston-transport/modern.js:103:17)
    at doWrite (/Users/anandhusatheesh/.nvm/versions/node/v20.19.0/lib/node_modules/firebase-tools/node_modules/winston-transport/node_modules/readable-stream/lib/_stream_writable.js:390:139)
[error] 
[error] Error: An unexpected error has occurred.
[debug] [2025-11-04T16:16:43.667Z] Error: write EIO
    at afterWriteDispatched (node:internal/stream_base_commons:161:15)
    at writeGeneric (node:internal/stream_base_commons:152:3)
    at Socket._writeGeneric (node:net:958:11)
    at Socket._write (node:net:970:8)
    at writeOrBuffer (node:internal/streams/writable:572:12)
    at _write (node:internal/streams/writable:501:10)
    at Writable.write (node:internal/streams/writable:510:10)
    at Console.log (/Users/anandhusatheesh/.nvm/versions/node/v20.19.0/lib/node_modules/firebase-tools/node_modules/winston/lib/winston/transports/console.js:87:23)
    at Console._write (/Users/anandhusatheesh/.nvm/versions/node/v20.19.0/lib/node_modules/firebase-tools/node_modules/winston-transport/modern.js:103:17)
    at doWrite (/Users/anandhusatheesh/.nvm/versions/node/v20.19.0/lib/node_modules/firebase-tools/node_modules/winston-transport/node_modules/readable-stream/lib/_stream_writable.js:390:139)
[error] 
[error] Error: An unexpected error has occurred.
[debug] [2025-11-04T16:16:43.671Z] Error: write EIO
    at afterWriteDispatched (node:internal/stream_base_commons:161:15)
    at writeGeneric (node:internal/stream_base_commons:152:3)
    at Socket._writeGeneric (node:net:958:11)
    at Socket._write (node:net:970:8)
    at writeOrBuffer (node:internal/streams/writable:572:12)
    at _write (node:internal/streams/writable:501:10)
    at Writable.write (node:internal/streams/writable:510:10)
    at Console.log (/Users/anandhusatheesh/.nvm/versions/node/v20.19.0/lib/node_modules/firebase-tools/node_modules/winston/lib/winston/transports/console.js:87:23)
    at Console._write (/Users/anandhusatheesh/.nvm/versions/node/v20.19.0/lib/node_modules/firebase-tools/node_modules/winston-transport/modern.js:103:17)
    at doWrite (/Users/anandhusatheesh/.nvm/versions/node/v20.19.0/lib/node_modules/firebase-tools/node_modules/winston-transport/node_modules/readable-stream/lib/_stream_writable.js:390:139)
[error] 
[error] Error: An unexpected error has occurred.
[debug] [2025-11-04T16:16:43.672Z] Error: write EIO
    at afterWriteDispatched (node:internal/stream_base_commons:161:15)
    at writeGeneric (node:internal/stream_base_commons:152:3)
    at Socket._writeGeneric (node:net:958:11)
    at Socket._write (node:net:970:8)
    at writeOrBuffer (node:internal/streams/writable:572:12)
    at _write (node:internal/streams/writable:501:10)
    at Writable.write (node:internal/streams/writable:510:10)
    at Console.log (/Users/anandhusatheesh/.nvm/versions/node/v20.19.0/lib/node_modules/firebase-tools/node_modules/winston/lib/winston/transports/console.js:87:23)
    at Console._write (/Users/anandhusatheesh/.nvm/versions/node/v20.19.0/lib/node_modules/firebase-tools/node_modules/winston-transport/modern.js:103:17)
    at doWrite (/Users/anandhusatheesh/.nvm/versions/node/v20.19.0/lib/node_modules/firebase-tools/node_modules/winston-transport/node_modules/readable-stream/lib/_stream_writable.js:390:139)
[error] 
[error] Error: An unexpected error has occurred.
[debug] [2025-11-04T16:16:43.672Z] Error: write EIO
    at afterWriteDispatched (node:internal/stream_base_commons:161:15)
    at writeGeneric (node:internal/stream_base_commons:152:3)
    at Socket._writeGeneric (node:net:958:11)
    at Socket._write (node:net:970:8)
    at writeOrBuffer (node:internal/streams/writable:572:12)
    at _write (node:internal/streams/writable:501:10)
    at Writable.write (node:internal/streams/writable:510:10)
    at Console.log (/Users/anandhusatheesh/.nvm/versions/node/v20.19.0/lib/node_modules/firebase-tools/node_modules/winston/lib/winston/transports/console.js:87:23)
    at Console._write (/Users/anandhusatheesh/.nvm/versions/node/v20.19.0/lib/node_modules/firebase-tools/node_modules/winston-transport/modern.js:103:17)
    at doWrite (/Users/anandhusatheesh/.nvm/versions/node/v20.19.0/lib/node_modules/firebase-tools/node_modules/winston-transport/node_modules/readable-stream/lib/_stream_writable.js:390:139)
[error] 
[error] Error: An unexpected error has occurred.
[debug] [2025-11-04T16:16:43.673Z] Error: write EIO
    at afterWriteDispatched (node:internal/stream_base_commons:161:15)
    at writeGeneric (node:internal/stream_base_commons:152:3)
    at Socket._writeGeneric (node:net:958:11)
    at Socket._write (node:net:970:8)
    at writeOrBuffer (node:internal/streams/writable:572:12)
    at _write (node:internal/streams/writable:501:10)
    at Writable.write (node:internal/streams/writable:510:10)
    at Console.log (/Users/anandhusatheesh/.nvm/versions/node/v20.19.0/lib/node_modules/firebase-tools/node_modules/winston/lib/winston/transports/console.js:87:23)
    at Console._write (/Users/anandhusatheesh/.nvm/versions/node/v20.19.0/lib/node_modules/firebase-tools/node_modules/winston-transport/modern.js:103:17)
    at doWrite (/Users/anandhusatheesh/.nvm/versions/node/v20.19.0/lib/node_modules/firebase-tools/node_modules/winston-transport/node_modules/readable-stream/lib/_stream_writable.js:390:139)
[error] 
[error] Error: An unexpected error has occurred.
[debug] [2025-11-04T16:16:43.674Z] Error: write EIO
    at afterWriteDispatched (node:internal/stream_base_commons:161:15)
    at writeGeneric (node:internal/stream_base_commons:152:3)
    at Socket._writeGeneric (node:net:958:11)
    at Socket._write (node:net:970:8)
    at writeOrBuffer (node:internal/streams/writable:572:12)
    at _write (node:internal/streams/writable:501:10)
    at Writable.write (node:internal/streams/writable:510:10)
    at Console.log (/Users/anandhusatheesh/.nvm/versions/node/v20.19.0/lib/node_modules/firebase-tools/node_modules/winston/lib/winston/transports/console.js:87:23)
    at Console._write (/Users/anandhusatheesh/.nvm/versions/node/v20.19.0/lib/node_modules/firebase-tools/node_modules/winston-transport/modern.js:103:17)
    at doWrite (/Users/anandhusatheesh/.nvm/versions/node/v20.19.0/lib/node_modules/firebase-tools/node_modules/winston-transport/node_modules/readable-stream/lib/_stream_writable.js:390:139)
[error] 
[error] Error: An unexpected error has occurred.
[debug] [2025-11-04T16:16:43.674Z] Error: write EIO
    at afterWriteDispatched (node:internal/stream_base_commons:161:15)
    at writeGeneric (node:internal/stream_base_commons:152:3)
    at Socket._writeGeneric (node:net:958:11)
    at Socket._write (node:net:970:8)
    at writeOrBuffer (node:internal/streams/writable:572:12)
    at _write (node:internal/streams/writable:501:10)
    at Writable.write (node:internal/streams/writable:510:10)
    at Console.log (/Users/anandhusatheesh/.nvm/versions/node/v20.19.0/lib/node_modules/firebase-tools/node_modules/winston/lib/winston/transports/console.js:87:23)
    at Console._write (/Users/anandhusatheesh/.nvm/versions/node/v20.19.0/lib/node_modules/firebase-tools/node_modules/winston-transport/modern.js:103:17)
    at doWrite (/Users/anandhusatheesh/.nvm/versions/node/v20.19.0/lib/node_modules/firebase-tools/node_modules/winston-transport/node_modules/readable-stream/lib/_stream_writable.js:390:139)
[error] 
[error] Error: An unexpected error has occurred.
[debug] [2025-11-04T16:16:43.674Z] Error: write EIO
    at afterWriteDispatched (node:internal/stream_base_commons:161:15)
    at writeGeneric (node:internal/stream_base_commons:152:3)
    at Socket._writeGeneric (node:net:958:11)
    at Socket._write (node:net:970:8)
    at writeOrBuffer (node:internal/streams/writable:572:12)
    at _write (node:internal/streams/writable:501:10)
    at Writable.write (node:internal/streams/writable:510:10)
    at Console.log (/Users/anandhusatheesh/.nvm/versions/node/v20.19.0/lib/node_modules/firebase-tools/node_modules/winston/lib/winston/transports/console.js:87:23)
    at Console._write (/Users/anandhusatheesh/.nvm/versions/node/v20.19.0/lib/node_modules/firebase-tools/node_modules/winston-transport/modern.js:103:17)
    at doWrite (/Users/anandhusatheesh/.nvm/versions/node/v20.19.0/lib/node_modules/firebase-tools/node_modules/winston-transport/node_modules/readable-stream/lib/_stream_writable.js:390:139)
[error] 
[error] Error: An unexpected error has occurred.
[debug] [2025-11-04T16:16:43.674Z] Error: write EIO
    at afterWriteDispatched (node:internal/stream_base_commons:161:15)
    at writeGeneric (node:internal/stream_base_commons:152:3)
    at Socket._writeGeneric (node:net:958:11)
    at Socket._write (node:net:970:8)
    at writeOrBuffer (node:internal/streams/writable:572:12)
    at _write (node:internal/streams/writable:501:10)
    at Writable.write (node:internal/streams/writable:510:10)
    at Console.log (/Users/anandhusatheesh/.nvm/versions/node/v20.19.0/lib/node_modules/firebase-tools/node_modules/winston/lib/winston/transports/console.js:87:23)
    at Console._write (/Users/anandhusatheesh/.nvm/versions/node/v20.19.0/lib/node_modules/firebase-tools/node_modules/winston-transport/modern.js:103:17)
    at doWrite (/Users/anandhusatheesh/.nvm/versions/node/v20.19.0/lib/node_modules/firebase-tools/node_modules/winston-transport/node_modules/readable-stream/lib/_stream_writable.js:390:139)
[error] 
[error] Error: An unexpected error has occurred.
[debug] [2025-11-04T16:16:43.674Z] Error: write EIO
    at afterWriteDispatched (node:internal/stream_base_commons:161:15)
    at writeGeneric (node:internal/stream_base_commons:152:3)
    at Socket._writeGeneric (node:net:958:11)
    at Socket._write (node:net:970:8)
    at writeOrBuffer (node:internal/streams/writable:572:12)
    at _write (node:internal/streams/writable:501:10)
    at Writable.write (node:internal/streams/writable:510:10)
    at Console.log (/Users/anandhusatheesh/.nvm/versions/node/v20.19.0/lib/node_modules/firebase-tools/node_modules/winston/lib/winston/transports/console.js:87:23)
    at Console._write (/Users/anandhusatheesh/.nvm/versions/node/v20.19.0/lib/node_modules/firebase-tools/node_modules/winston-transport/modern.js:103:17)
    at doWrite (/Users/anandhusatheesh/.nvm/versions/node/v20.19.0/lib/node_modules/firebase-tools/node_modules/winston-transport/node_modules/readable-stream/lib/_stream_writable.js:390:139)
[error] 
[error] Error: An unexpected error has occurred.
[debug] [2025-11-04T16:16:43.674Z] Error: write EIO
    at afterWriteDispatched (node:internal/stream_base_commons:161:15)
    at writeGeneric (node:internal/stream_base_commons:152:3)
    at Socket._writeGeneric (node:net:958:11)
    at Socket._write (node:net:970:8)
    at writeOrBuffer (node:internal/streams/writable:572:12)
    at _write (node:internal/streams/writable:501:10)
    at Writable.write (node:internal/streams/writable:510:10)
    at Console.log (/Users/anandhusatheesh/.nvm/versions/node/v20.19.0/lib/node_modules/firebase-tools/node_modules/winston/lib/winston/transports/console.js:87:23)
    at Console._write (/Users/anandhusatheesh/.nvm/versions/node/v20.19.0/lib/node_modules/firebase-tools/node_modules/winston-transport/modern.js:103:17)
    at doWrite (/Users/anandhusatheesh/.nvm/versions/node/v20.19.0/lib/node_modules/firebase-tools/node_modules/winston-transport/node_modules/readable-stream/lib/_stream_writable.js:390:139)
[error] 
[error] Error: An unexpected error has occurred.
[debug] [2025-11-04T16:16:43.674Z] Error: write EIO
    at afterWriteDispatched (node:internal/stream_base_commons:161:15)
    at writeGeneric (node:internal/stream_base_commons:152:3)
    at Socket._writeGeneric (node:net:958:11)
    at Socket._write (node:net:970:8)
    at writeOrBuffer (node:internal/streams/writable:572:12)
    at _write (node:internal/streams/writable:501:10)
    at Writable.write (node:internal/streams/writable:510:10)
    at Console.log (/Users/anandhusatheesh/.nvm/versions/node/v20.19.0/lib/node_modules/firebase-tools/node_modules/winston/lib/winston/transports/console.js:87:23)
    at Console._write (/Users/anandhusatheesh/.nvm/versions/node/v20.19.0/lib/node_modules/firebase-tools/node_modules/winston-transport/modern.js:103:17)
    at doWrite (/Users/anandhusatheesh/.nvm/versions/node/v20.19.0/lib/node_modules/firebase-tools/node_modules/winston-transport/node_modules/readable-stream/lib/_stream_writable.js:390:139)
[error] 
[error] Error: An unexpected error has occurred.
[debug] [2025-11-04T16:16:43.675Z] Error: write EIO
    at afterWriteDispatched (node:internal/stream_base_commons:161:15)
    at writeGeneric (node:internal/stream_base_commons:152:3)
    at Socket._writeGeneric (node:net:958:11)
    at Socket._write (node:net:970:8)
    at writeOrBuffer (node:internal/streams/writable:572:12)
    at _write (node:internal/streams/writable:501:10)
    at Writable.write (node:internal/streams/writable:510:10)
    at Console.log (/Users/anandhusatheesh/.nvm/versions/node/v20.19.0/lib/node_modules/firebase-tools/node_modules/winston/lib/winston/transports/console.js:87:23)
    at Console._write (/Users/anandhusatheesh/.nvm/versions/node/v20.19.0/lib/node_modules/firebase-tools/node_modules/winston-transport/modern.js:103:17)
    at doWrite (/Users/anandhusatheesh/.nvm/versions/node/v20.19.0/lib/node_modules/firebase-tools/node_modules/winston-transport/node_modules/readable-stream/lib/_stream_writable.js:390:139)
[error] 
[error] Error: An unexpected error has occurred.
[debug] [2025-11-04T16:16:43.675Z] Error: write EIO
    at afterWriteDispatched (node:internal/stream_base_commons:161:15)
    at writeGeneric (node:internal/stream_base_commons:152:3)
    at Socket._writeGeneric (node:net:958:11)
    at Socket._write (node:net:970:8)
    at writeOrBuffer (node:internal/streams/writable:572:12)
    at _write (node:internal/streams/writable:501:10)
    at Writable.write (node:internal/streams/writable:510:10)
    at Console.log (/Users/anandhusatheesh/.nvm/versions/node/v20.19.0/lib/node_modules/firebase-tools/node_modules/winston/lib/winston/transports/console.js:87:23)
    at Console._write (/Users/anandhusatheesh/.nvm/versions/node/v20.19.0/lib/node_modules/firebase-tools/node_modules/winston-transport/modern.js:103:17)
    at doWrite (/Users/anandhusatheesh/.nvm/versions/node/v20.19.0/lib/node_modules/firebase-tools/node_modules/winston-transport/node_modules/readable-stream/lib/_stream_writable.js:390:139)
[error] 
[error] Error: An unexpected error has occurred.
[debug] [2025-11-04T16:16:43.675Z] Error: write EIO
    at afterWriteDispatched (node:internal/stream_base_commons:161:15)
    at writeGeneric (node:internal/stream_base_commons:152:3)
    at Socket._writeGeneric (node:net:958:11)
    at Socket._write (node:net:970:8)
    at writeOrBuffer (node:internal/streams/writable:572:12)
    at _write (node:internal/streams/writable:501:10)
    at Writable.write (node:internal/streams/writable:510:10)
    at Console.log (/Users/anandhusatheesh/.nvm/versions/node/v20.19.0/lib/node_modules/firebase-tools/node_modules/winston/lib/winston/transports/console.js:87:23)
    at Console._write (/Users/anandhusatheesh/.nvm/versions/node/v20.19.0/lib/node_modules/firebase-tools/node_modules/winston-transport/modern.js:103:17)
    at doWrite (/Users/anandhusatheesh/.nvm/versions/node/v20.19.0/lib/node_modules/firebase-tools/node_modules/winston-transport/node_modules/readable-stream/lib/_stream_writable.js:390:139)
[error] 
[error] Error: An unexpected error has occurred.
[debug] [2025-11-04T16:16:43.675Z] Error: write EIO
    at afterWriteDispatched (node:internal/stream_base_commons:161:15)
    at writeGeneric (node:internal/stream_base_commons:152:3)
    at Socket._writeGeneric (node:net:958:11)
    at Socket._write (node:net:970:8)
    at writeOrBuffer (node:internal/streams/writable:572:12)
    at _write (node:internal/streams/writable:501:10)
    at Writable.write (node:internal/streams/writable:510:10)
    at Console.log (/Users/anandhusatheesh/.nvm/versions/node/v20.19.0/lib/node_modules/firebase-tools/node_modules/winston/lib/winston/transports/console.js:87:23)
    at Console._write (/Users/anandhusatheesh/.nvm/versions/node/v20.19.0/lib/node_modules/firebase-tools/node_modules/winston-transport/modern.js:103:17)
    at doWrite (/Users/anandhusatheesh/.nvm/versions/node/v20.19.0/lib/node_modules/firebase-tools/node_modules/winston-transport/node_modules/readable-stream/lib/_stream_writable.js:390:139)
[error] 
[error] Error: An unexpected error has occurred.
[debug] [2025-11-04T16:16:43.676Z] Error: write EIO
    at afterWriteDispatched (node:internal/stream_base_commons:161:15)
    at writeGeneric (node:internal/stream_base_commons:152:3)
    at Socket._writeGeneric (node:net:958:11)
    at Socket._write (node:net:970:8)
    at writeOrBuffer (node:internal/streams/writable:572:12)
    at _write (node:internal/streams/writable:501:10)
    at Writable.write (node:internal/streams/writable:510:10)
    at Console.log (/Users/anandhusatheesh/.nvm/versions/node/v20.19.0/lib/node_modules/firebase-tools/node_modules/winston/lib/winston/transports/console.js:87:23)
    at Console._write (/Users/anandhusatheesh/.nvm/versions/node/v20.19.0/lib/node_modules/firebase-tools/node_modules/winston-transport/modern.js:103:17)
    at doWrite (/Users/anandhusatheesh/.nvm/versions/node/v20.19.0/lib/node_modules/firebase-tools/node_modules/winston-transport/node_modules/readable-stream/lib/_stream_writable.js:390:139)
[error] 
[error] Error: An unexpected error has occurred.
[debug] [2025-11-04T16:16:43.676Z] Error: write EIO
    at afterWriteDispatched (node:internal/stream_base_commons:161:15)
    at writeGeneric (node:internal/stream_base_commons:152:3)
    at Socket._writeGeneric (node:net:958:11)
    at Socket._write (node:net:970:8)
    at writeOrBuffer (node:internal/streams/writable:572:12)
    at _write (node:internal/streams/writable:501:10)
    at Writable.write (node:internal/streams/writable:510:10)
    at Console.log (/Users/anandhusatheesh/.nvm/versions/node/v20.19.0/lib/node_modules/firebase-tools/node_modules/winston/lib/winston/transports/console.js:87:23)
    at Console._write (/Users/anandhusatheesh/.nvm/versions/node/v20.19.0/lib/node_modules/firebase-tools/node_modules/winston-transport/modern.js:103:17)
    at doWrite (/Users/anandhusatheesh/.nvm/versions/node/v20.19.0/lib/node_modules/firebase-tools/node_modules/winston-transport/node_modules/readable-stream/lib/_stream_writable.js:390:139)
[error] 
[error] Error: An unexpected error has occurred.
[debug] [2025-11-04T16:16:43.677Z] Error: write EIO
    at afterWriteDispatched (node:internal/stream_base_commons:161:15)
    at writeGeneric (node:internal/stream_base_commons:152:3)
    at Socket._writeGeneric (node:net:958:11)
    at Socket._write (node:net:970:8)
    at writeOrBuffer (node:internal/streams/writable:572:12)
    at _write (node:internal/streams/writable:501:10)
    at Writable.write (node:internal/streams/writable:510:10)
    at Console.log (/Users/anandhusatheesh/.nvm/versions/node/v20.19.0/lib/node_modules/firebase-tools/node_modules/winston/lib/winston/transports/console.js:87:23)
    at Console._write (/Users/anandhusatheesh/.nvm/versions/node/v20.19.0/lib/node_modules/firebase-tools/node_modules/winston-transport/modern.js:103:17)
    at doWrite (/Users/anandhusatheesh/.nvm/versions/node/v20.19.0/lib/node_modules/firebase-tools/node_modules/winston-transport/node_modules/readable-stream/lib/_stream_writable.js:390:139)
[error] 
[error] Error: An unexpected error has occurred.
[debug] [2025-11-04T16:16:43.677Z] Error: write EIO
    at afterWriteDispatched (node:internal/stream_base_commons:161:15)
    at writeGeneric (node:internal/stream_base_commons:152:3)
    at Socket._writeGeneric (node:net:958:11)
    at Socket._write (node:net:970:8)
    at writeOrBuffer (node:internal/streams/writable:572:12)
    at _write (node:internal/streams/writable:501:10)
    at Writable.write (node:internal/streams/writable:510:10)
    at Console.log (/Users/anandhusatheesh/.nvm/versions/node/v20.19.0/lib/node_modules/firebase-tools/node_modules/winston/lib/winston/transports/console.js:87:23)
    at Console._write (/Users/anandhusatheesh/.nvm/versions/node/v20.19.0/lib/node_modules/firebase-tools/node_modules/winston-transport/modern.js:103:17)
    at doWrite (/Users/anandhusatheesh/.nvm/versions/node/v20.19.0/lib/node_modules/firebase-tools/node_modules/winston-transport/node_modules/readable-stream/lib/_stream_writable.js:390:139)
[error] 
[error] Error: An unexpected error has occurred.
[debug] [2025-11-04T16:16:43.677Z] Error: write EIO
    at afterWriteDispatched (node:internal/stream_base_commons:161:15)
    at writeGeneric (node:internal/stream_base_commons:152:3)
    at Socket._writeGeneric (node:net:958:11)
    at Socket._write (node:net:970:8)
    at writeOrBuffer (node:internal/streams/writable:572:12)
    at _write (node:internal/streams/writable:501:10)
    at Writable.write (node:internal/streams/writable:510:10)
    at Console.log (/Users/anandhusatheesh/.nvm/versions/node/v20.19.0/lib/node_modules/firebase-tools/node_modules/winston/lib/winston/transports/console.js:87:23)
    at Console._write (/Users/anandhusatheesh/.nvm/versions/node/v20.19.0/lib/node_modules/firebase-tools/node_modules/winston-transport/modern.js:103:17)
    at doWrite (/Users/anandhusatheesh/.nvm/versions/node/v20.19.0/lib/node_modules/firebase-tools/node_modules/winston-transport/node_modules/readable-stream/lib/_stream_writable.js:390:139)
[error] 
[error] Error: An unexpected error has occurred.
[debug] [2025-11-04T16:16:43.677Z] Error: write EIO
    at afterWriteDispatched (node:internal/stream_base_commons:161:15)
    at writeGeneric (node:internal/stream_base_commons:152:3)
    at Socket._writeGeneric (node:net:958:11)
    at Socket._write (node:net:970:8)
    at writeOrBuffer (node:internal/streams/writable:572:12)
    at _write (node:internal/streams/writable:501:10)
    at Writable.write (node:internal/streams/writable:510:10)
    at Console.log (/Users/anandhusatheesh/.nvm/versions/node/v20.19.0/lib/node_modules/firebase-tools/node_modules/winston/lib/winston/transports/console.js:87:23)
    at Console._write (/Users/anandhusatheesh/.nvm/versions/node/v20.19.0/lib/node_modules/firebase-tools/node_modules/winston-transport/modern.js:103:17)
    at doWrite (/Users/anandhusatheesh/.nvm/versions/node/v20.19.0/lib/node_modules/firebase-tools/node_modules/winston-transport/node_modules/readable-stream/lib/_stream_writable.js:390:139)
[error] 
[error] Error: An unexpected error has occurred.
[debug] [2025-11-04T16:16:43.677Z] Error: write EIO
    at afterWriteDispatched (node:internal/stream_base_commons:161:15)
    at writeGeneric (node:internal/stream_base_commons:152:3)
    at Socket._writeGeneric (node:net:958:11)
    at Socket._write (node:net:970:8)
    at writeOrBuffer (node:internal/streams/writable:572:12)
    at _write (node:internal/streams/writable:501:10)
    at Writable.write (node:internal/streams/writable:510:10)
    at Console.log (/Users/anandhusatheesh/.nvm/versions/node/v20.19.0/lib/node_modules/firebase-tools/node_modules/winston/lib/winston/transports/console.js:87:23)
    at Console._write (/Users/anandhusatheesh/.nvm/versions/node/v20.19.0/lib/node_modules/firebase-tools/node_modules/winston-transport/modern.js:103:17)
    at doWrite (/Users/anandhusatheesh/.nvm/versions/node/v20.19.0/lib/node_modules/firebase-tools/node_modules/winston-transport/node_modules/readable-stream/lib/_stream_writable.js:390:139)
[error] 
[error] Error: An unexpected error has occurred.
[debug] [2025-11-04T16:16:43.677Z] Error: write EIO
    at afterWriteDispatched (node:internal/stream_base_commons:161:15)
    at writeGeneric (node:internal/stream_base_commons:152:3)
    at Socket._writeGeneric (node:net:958:11)
    at Socket._write (node:net:970:8)
    at writeOrBuffer (node:internal/streams/writable:572:12)
    at _write (node:internal/streams/writable:501:10)
    at Writable.write (node:internal/streams/writable:510:10)
    at Console.log (/Users/anandhusatheesh/.nvm/versions/node/v20.19.0/lib/node_modules/firebase-tools/node_modules/winston/lib/winston/transports/console.js:87:23)
    at Console._write (/Users/anandhusatheesh/.nvm/versions/node/v20.19.0/lib/node_modules/firebase-tools/node_modules/winston-transport/modern.js:103:17)
    at doWrite (/Users/anandhusatheesh/.nvm/versions/node/v20.19.0/lib/node_modules/firebase-tools/node_modules/winston-transport/node_modules/readable-stream/lib/_stream_writable.js:390:139)
[error] 
[error] Error: An unexpected error has occurred.
[debug] [2025-11-04T16:16:43.678Z] Error: write EIO
    at afterWriteDispatched (node:internal/stream_base_commons:161:15)
    at writeGeneric (node:internal/stream_base_commons:152:3)
    at Socket._writeGeneric (node:net:958:11)
    at Socket._write (node:net:970:8)
    at writeOrBuffer (node:internal/streams/writable:572:12)
    at _write (node:internal/streams/writable:501:10)
    at Writable.write (node:internal/streams/writable:510:10)
    at Console.log (/Users/anandhusatheesh/.nvm/versions/node/v20.19.0/lib/node_modules/firebase-tools/node_modules/winston/lib/winston/transports/console.js:87:23)
    at Console._write (/Users/anandhusatheesh/.nvm/versions/node/v20.19.0/lib/node_modules/firebase-tools/node_modules/winston-transport/modern.js:103:17)
    at doWrite (/Users/anandhusatheesh/.nvm/versions/node/v20.19.0/lib/node_modules/firebase-tools/node_modules/winston-transport/node_modules/readable-stream/lib/_stream_writable.js:390:139)
[error] 
[error] Error: An unexpected error has occurred.
[debug] [2025-11-04T16:16:43.678Z] Error: write EIO
    at afterWriteDispatched (node:internal/stream_base_commons:161:15)
    at writeGeneric (node:internal/stream_base_commons:152:3)
    at Socket._writeGeneric (node:net:958:11)
    at Socket._write (node:net:970:8)
    at writeOrBuffer (node:internal/streams/writable:572:12)
    at _write (node:internal/streams/writable:501:10)
    at Writable.write (node:internal/streams/writable:510:10)
    at Console.log (/Users/anandhusatheesh/.nvm/versions/node/v20.19.0/lib/node_modules/firebase-tools/node_modules/winston/lib/winston/transports/console.js:87:23)
    at Console._write (/Users/anandhusatheesh/.nvm/versions/node/v20.19.0/lib/node_modules/firebase-tools/node_modules/winston-transport/modern.js:103:17)
    at doWrite (/Users/anandhusatheesh/.nvm/versions/node/v20.19.0/lib/node_modules/firebase-tools/node_modules/winston-transport/node_modules/readable-stream/lib/_stream_writable.js:390:139)
[error] 
[error] Error: An unexpected error has occurred.
[debug] [2025-11-04T16:16:43.678Z] Error: write EIO
    at afterWriteDispatched (node:internal/stream_base_commons:161:15)
    at writeGeneric (node:internal/stream_base_commons:152:3)
    at Socket._writeGeneric (node:net:958:11)
    at Socket._write (node:net:970:8)
    at writeOrBuffer (node:internal/streams/writable:572:12)
    at _write (node:internal/streams/writable:501:10)
    at Writable.write (node:internal/streams/writable:510:10)
    at Console.log (/Users/anandhusatheesh/.nvm/versions/node/v20.19.0/lib/node_modules/firebase-tools/node_modules/winston/lib/winston/transports/console.js:87:23)
    at Console._write (/Users/anandhusatheesh/.nvm/versions/node/v20.19.0/lib/node_modules/firebase-tools/node_modules/winston-transport/modern.js:103:17)
    at doWrite (/Users/anandhusatheesh/.nvm/versions/node/v20.19.0/lib/node_modules/firebase-tools/node_modules/winston-transport/node_modules/readable-stream/lib/_stream_writable.js:390:139)
[error] 
[error] Error: An unexpected error has occurred.
[debug] [2025-11-04T16:16:43.679Z] Error: write EIO
    at afterWriteDispatched (node:internal/stream_base_commons:161:15)
    at writeGeneric (node:internal/stream_base_commons:152:3)
    at Socket._writeGeneric (node:net:958:11)
    at Socket._write (node:net:970:8)
    at writeOrBuffer (node:internal/streams/writable:572:12)
    at _write (node:internal/streams/writable:501:10)
    at Writable.write (node:internal/streams/writable:510:10)
    at Console.log (/Users/anandhusatheesh/.nvm/versions/node/v20.19.0/lib/node_modules/firebase-tools/node_modules/winston/lib/winston/transports/console.js:87:23)
    at Console._write (/Users/anandhusatheesh/.nvm/versions/node/v20.19.0/lib/node_modules/firebase-tools/node_modules/winston-transport/modern.js:103:17)
    at doWrite (/Users/anandhusatheesh/.nvm/versions/node/v20.19.0/lib/node_modules/firebase-tools/node_modules/winston-transport/node_modules/readable-stream/lib/_stream_writable.js:390:139)
[error] 
[error] Error: An unexpected error has occurred.
[debug] [2025-11-04T16:16:43.679Z] Error: write EIO
    at afterWriteDispatched (node:internal/stream_base_commons:161:15)
    at writeGeneric (node:internal/stream_base_commons:152:3)
    at Socket._writeGeneric (node:net:958:11)
    at Socket._write (node:net:970:8)
    at writeOrBuffer (node:internal/streams/writable:572:12)
    at _write (node:internal/streams/writable:501:10)
    at Writable.write (node:internal/streams/writable:510:10)
    at Console.log (/Users/anandhusatheesh/.nvm/versions/node/v20.19.0/lib/node_modules/firebase-tools/node_modules/winston/lib/winston/transports/console.js:87:23)
    at Console._write (/Users/anandhusatheesh/.nvm/versions/node/v20.19.0/lib/node_modules/firebase-tools/node_modules/winston-transport/modern.js:103:17)
    at doWrite (/Users/anandhusatheesh/.nvm/versions/node/v20.19.0/lib/node_modules/firebase-tools/node_modules/winston-transport/node_modules/readable-stream/lib/_stream_writable.js:390:139)
[error] 
[error] Error: An unexpected error has occurred.
[debug] [2025-11-04T16:16:43.679Z] Error: write EIO
    at afterWriteDispatched (node:internal/stream_base_commons:161:15)
    at writeGeneric (node:internal/stream_base_commons:152:3)
    at Socket._writeGeneric (node:net:958:11)
    at Socket._write (node:net:970:8)
    at writeOrBuffer (node:internal/streams/writable:572:12)
    at _write (node:internal/streams/writable:501:10)
    at Writable.write (node:internal/streams/writable:510:10)
    at Console.log (/Users/anandhusatheesh/.nvm/versions/node/v20.19.0/lib/node_modules/firebase-tools/node_modules/winston/lib/winston/transports/console.js:87:23)
    at Console._write (/Users/anandhusatheesh/.nvm/versions/node/v20.19.0/lib/node_modules/firebase-tools/node_modules/winston-transport/modern.js:103:17)
    at doWrite (/Users/anandhusatheesh/.nvm/versions/node/v20.19.0/lib/node_modules/firebase-tools/node_modules/winston-transport/node_modules/readable-stream/lib/_stream_writable.js:390:139)
[error] 
[error] Error: An unexpected error has occurred.
[debug] [2025-11-04T16:16:43.679Z] Error: write EIO
    at afterWriteDispatched (node:internal/stream_base_commons:161:15)
    at writeGeneric (node:internal/stream_base_commons:152:3)
    at Socket._writeGeneric (node:net:958:11)
    at Socket._write (node:net:970:8)
    at writeOrBuffer (node:internal/streams/writable:572:12)
    at _write (node:internal/streams/writable:501:10)
    at Writable.write (node:internal/streams/writable:510:10)
    at Console.log (/Users/anandhusatheesh/.nvm/versions/node/v20.19.0/lib/node_modules/firebase-tools/node_modules/winston/lib/winston/transports/console.js:87:23)
    at Console._write (/Users/anandhusatheesh/.nvm/versions/node/v20.19.0/lib/node_modules/firebase-tools/node_modules/winston-transport/modern.js:103:17)
    at doWrite (/Users/anandhusatheesh/.nvm/versions/node/v20.19.0/lib/node_modules/firebase-tools/node_modules/winston-transport/node_modules/readable-stream/lib/_stream_writable.js:390:139)
[error] 
[error] Error: An unexpected error has occurred.
[debug] [2025-11-04T16:16:43.679Z] Error: write EIO
    at afterWriteDispatched (node:internal/stream_base_commons:161:15)
    at writeGeneric (node:internal/stream_base_commons:152:3)
    at Socket._writeGeneric (node:net:958:11)
    at Socket._write (node:net:970:8)
    at writeOrBuffer (node:internal/streams/writable:572:12)
    at _write (node:internal/streams/writable:501:10)
    at Writable.write (node:internal/streams/writable:510:10)
    at Console.log (/Users/anandhusatheesh/.nvm/versions/node/v20.19.0/lib/node_modules/firebase-tools/node_modules/winston/lib/winston/transports/console.js:87:23)
    at Console._write (/Users/anandhusatheesh/.nvm/versions/node/v20.19.0/lib/node_modules/firebase-tools/node_modules/winston-transport/modern.js:103:17)
    at doWrite (/Users/anandhusatheesh/.nvm/versions/node/v20.19.0/lib/node_modules/firebase-tools/node_modules/winston-transport/node_modules/readable-stream/lib/_stream_writable.js:390:139)
[error] 
[error] Error: An unexpected error has occurred.
[debug] [2025-11-04T16:16:43.679Z] Error: write EIO
    at afterWriteDispatched (node:internal/stream_base_commons:161:15)
    at writeGeneric (node:internal/stream_base_commons:152:3)
    at Socket._writeGeneric (node:net:958:11)
    at Socket._write (node:net:970:8)
    at writeOrBuffer (node:internal/streams/writable:572:12)
    at _write (node:internal/streams/writable:501:10)
    at Writable.write (node:internal/streams/writable:510:10)
    at Console.log (/Users/anandhusatheesh/.nvm/versions/node/v20.19.0/lib/node_modules/firebase-tools/node_modules/winston/lib/winston/transports/console.js:87:23)
    at Console._write (/Users/anandhusatheesh/.nvm/versions/node/v20.19.0/lib/node_modules/firebase-tools/node_modules/winston-transport/modern.js:103:17)
    at doWrite (/Users/anandhusatheesh/.nvm/versions/node/v20.19.0/lib/node_modules/firebase-tools/node_modules/winston-transport/node_modules/readable-stream/lib/_stream_writable.js:390:139)
[error] 
[error] Error: An unexpected error has occurred.
[debug] [2025-11-04T16:16:43.680Z] Error: write EIO
    at afterWriteDispatched (node:internal/stream_base_commons:161:15)
    at writeGeneric (node:internal/stream_base_commons:152:3)
    at Socket._writeGeneric (node:net:958:11)
    at Socket._write (node:net:970:8)
    at writeOrBuffer (node:internal/streams/writable:572:12)
    at _write (node:internal/streams/writable:501:10)
    at Writable.write (node:internal/streams/writable:510:10)
    at Console.log (/Users/anandhusatheesh/.nvm/versions/node/v20.19.0/lib/node_modules/firebase-tools/node_modules/winston/lib/winston/transports/console.js:87:23)
    at Console._write (/Users/anandhusatheesh/.nvm/versions/node/v20.19.0/lib/node_modules/firebase-tools/node_modules/winston-transport/modern.js:103:17)
    at doWrite (/Users/anandhusatheesh/.nvm/versions/node/v20.19.0/lib/node_modules/firebase-tools/node_modules/winston-transport/node_modules/readable-stream/lib/_stream_writable.js:390:139)
[error] 
[error] Error: An unexpected error has occurred.
[debug] [2025-11-04T16:16:43.680Z] Error: write EIO
    at afterWriteDispatched (node:internal/stream_base_commons:161:15)
    at writeGeneric (node:internal/stream_base_commons:152:3)
    at Socket._writeGeneric (node:net:958:11)
    at Socket._write (node:net:970:8)
    at writeOrBuffer (node:internal/streams/writable:572:12)
    at _write (node:internal/streams/writable:501:10)
    at Writable.write (node:internal/streams/writable:510:10)
    at Console.log (/Users/anandhusatheesh/.nvm/versions/node/v20.19.0/lib/node_modules/firebase-tools/node_modules/winston/lib/winston/transports/console.js:87:23)
    at Console._write (/Users/anandhusatheesh/.nvm/versions/node/v20.19.0/lib/node_modules/firebase-tools/node_modules/winston-transport/modern.js:103:17)
    at doWrite (/Users/anandhusatheesh/.nvm/versions/node/v20.19.0/lib/node_modules/firebase-tools/node_modules/winston-transport/node_modules/readable-stream/lib/_stream_writable.js:390:139)
[error] 
[error] Error: An unexpected error has occurred.
[debug] [2025-11-04T16:16:43.680Z] Error: write EIO
    at afterWriteDispatched (node:internal/stream_base_commons:161:15)
    at writeGeneric (node:internal/stream_base_commons:152:3)
    at Socket._writeGeneric (node:net:958:11)
    at Socket._write (node:net:970:8)
    at writeOrBuffer (node:internal/streams/writable:572:12)
    at _write (node:internal/streams/writable:501:10)
    at Writable.write (node:internal/streams/writable:510:10)
    at Console.log (/Users/anandhusatheesh/.nvm/versions/node/v20.19.0/lib/node_modules/firebase-tools/node_modules/winston/lib/winston/transports/console.js:87:23)
    at Console._write (/Users/anandhusatheesh/.nvm/versions/node/v20.19.0/lib/node_modules/firebase-tools/node_modules/winston-transport/modern.js:103:17)
    at doWrite (/Users/anandhusatheesh/.nvm/versions/node/v20.19.0/lib/node_modules/firebase-tools/node_modules/winston-transport/node_modules/readable-stream/lib/_stream_writable.js:390:139)
[error] 
[error] Error: An unexpected error has occurred.
[debug] [2025-11-04T16:16:43.680Z] Error: write EIO
    at afterWriteDispatched (node:internal/stream_base_commons:161:15)
    at writeGeneric (node:internal/stream_base_commons:152:3)
    at Socket._writeGeneric (node:net:958:11)
    at Socket._write (node:net:970:8)
    at writeOrBuffer (node:internal/streams/writable:572:12)
    at _write (node:internal/streams/writable:501:10)
    at Writable.write (node:internal/streams/writable:510:10)
    at Console.log (/Users/anandhusatheesh/.nvm/versions/node/v20.19.0/lib/node_modules/firebase-tools/node_modules/winston/lib/winston/transports/console.js:87:23)
    at Console._write (/Users/anandhusatheesh/.nvm/versions/node/v20.19.0/lib/node_modules/firebase-tools/node_modules/winston-transport/modern.js:103:17)
    at doWrite (/Users/anandhusatheesh/.nvm/versions/node/v20.19.0/lib/node_modules/firebase-tools/node_modules/winston-transport/node_modules/readable-stream/lib/_stream_writable.js:390:139)
[error] 
[error] Error: An unexpected error has occurred.
[debug] [2025-11-04T16:16:43.681Z] Error: write EIO
    at afterWriteDispatched (node:internal/stream_base_commons:161:15)
    at writeGeneric (node:internal/stream_base_commons:152:3)
    at Socket._writeGeneric (node:net:958:11)
    at Socket._write (node:net:970:8)
    at writeOrBuffer (node:internal/streams/writable:572:12)
    at _write (node:internal/streams/writable:501:10)
    at Writable.write (node:internal/streams/writable:510:10)
    at Console.log (/Users/anandhusatheesh/.nvm/versions/node/v20.19.0/lib/node_modules/firebase-tools/node_modules/winston/lib/winston/transports/console.js:87:23)
    at Console._write (/Users/anandhusatheesh/.nvm/versions/node/v20.19.0/lib/node_modules/firebase-tools/node_modules/winston-transport/modern.js:103:17)
    at doWrite (/Users/anandhusatheesh/.nvm/versions/node/v20.19.0/lib/node_modules/firebase-tools/node_modules/winston-transport/node_modules/readable-stream/lib/_stream_writable.js:390:139)
[error] 
[error] Error: An unexpected error has occurred.
[debug] [2025-11-04T16:16:43.681Z] Error: write EIO
    at afterWriteDispatched (node:internal/stream_base_commons:161:15)
    at writeGeneric (node:internal/stream_base_commons:152:3)
    at Socket._writeGeneric (node:net:958:11)
    at Socket._write (node:net:970:8)
    at writeOrBuffer (node:internal/streams/writable:572:12)
    at _write (node:internal/streams/writable:501:10)
    at Writable.write (node:internal/streams/writable:510:10)
    at Console.log (/Users/anandhusatheesh/.nvm/versions/node/v20.19.0/lib/node_modules/firebase-tools/node_modules/winston/lib/winston/transports/console.js:87:23)
    at Console._write (/Users/anandhusatheesh/.nvm/versions/node/v20.19.0/lib/node_modules/firebase-tools/node_modules/winston-transport/modern.js:103:17)
    at doWrite (/Users/anandhusatheesh/.nvm/versions/node/v20.19.0/lib/node_modules/firebase-tools/node_modules/winston-transport/node_modules/readable-stream/lib/_stream_writable.js:390:139)
[error] 
[error] Error: An unexpected error has occurred.
[debug] [2025-11-04T16:16:43.681Z] Error: write EIO
    at afterWriteDispatched (node:internal/stream_base_commons:161:15)
    at writeGeneric (node:internal/stream_base_commons:152:3)
    at Socket._writeGeneric (node:net:958:11)
    at Socket._write (node:net:970:8)
    at writeOrBuffer (node:internal/streams/writable:572:12)
    at _write (node:internal/streams/writable:501:10)
    at Writable.write (node:internal/streams/writable:510:10)
    at Console.log (/Users/anandhusatheesh/.nvm/versions/node/v20.19.0/lib/node_modules/firebase-tools/node_modules/winston/lib/winston/transports/console.js:87:23)
    at Console._write (/Users/anandhusatheesh/.nvm/versions/node/v20.19.0/lib/node_modules/firebase-tools/node_modules/winston-transport/modern.js:103:17)
    at doWrite (/Users/anandhusatheesh/.nvm/versions/node/v20.19.0/lib/node_modules/firebase-tools/node_modules/winston-transport/node_modules/readable-stream/lib/_stream_writable.js:390:139)
[error] 
[error] Error: An unexpected error has occurred.
[debug] [2025-11-04T16:16:43.681Z] Error: write EIO
    at afterWriteDispatched (node:internal/stream_base_commons:161:15)
    at writeGeneric (node:internal/stream_base_commons:152:3)
    at Socket._writeGeneric (node:net:958:11)
    at Socket._write (node:net:970:8)
    at writeOrBuffer (node:internal/streams/writable:572:12)
    at _write (node:internal/streams/writable:501:10)
    at Writable.write (node:internal/streams/writable:510:10)
    at Console.log (/Users/anandhusatheesh/.nvm/versions/node/v20.19.0/lib/node_modules/firebase-tools/node_modules/winston/lib/winston/transports/console.js:87:23)
    at Console._write (/Users/anandhusatheesh/.nvm/versions/node/v20.19.0/lib/node_modules/firebase-tools/node_modules/winston-transport/modern.js:103:17)
    at doWrite (/Users/anandhusatheesh/.nvm/versions/node/v20.19.0/lib/node_modules/firebase-tools/node_modules/winston-transport/node_modules/readable-stream/lib/_stream_writable.js:390:139)
[error] 
[error] Error: An unexpected error has occurred.
[debug] [2025-11-04T16:16:43.681Z] Error: write EIO
    at afterWriteDispatched (node:internal/stream_base_commons:161:15)
    at writeGeneric (node:internal/stream_base_commons:152:3)
    at Socket._writeGeneric (node:net:958:11)
    at Socket._write (node:net:970:8)
    at writeOrBuffer (node:internal/streams/writable:572:12)
    at _write (node:internal/streams/writable:501:10)
    at Writable.write (node:internal/streams/writable:510:10)
    at Console.log (/Users/anandhusatheesh/.nvm/versions/node/v20.19.0/lib/node_modules/firebase-tools/node_modules/winston/lib/winston/transports/console.js:87:23)
    at Console._write (/Users/anandhusatheesh/.nvm/versions/node/v20.19.0/lib/node_modules/firebase-tools/node_modules/winston-transport/modern.js:103:17)
    at doWrite (/Users/anandhusatheesh/.nvm/versions/node/v20.19.0/lib/node_modules/firebase-tools/node_modules/winston-transport/node_modules/readable-stream/lib/_stream_writable.js:390:139)
[error] 
[error] Error: An unexpected error has occurred.
[debug] [2025-11-04T16:16:43.681Z] Error: write EIO
    at afterWriteDispatched (node:internal/stream_base_commons:161:15)
    at writeGeneric (node:internal/stream_base_commons:152:3)
    at Socket._writeGeneric (node:net:958:11)
    at Socket._write (node:net:970:8)
    at writeOrBuffer (node:internal/streams/writable:572:12)
    at _write (node:internal/streams/writable:501:10)
    at Writable.write (node:internal/streams/writable:510:10)
    at Console.log (/Users/anandhusatheesh/.nvm/versions/node/v20.19.0/lib/node_modules/firebase-tools/node_modules/winston/lib/winston/transports/console.js:87:23)
    at Console._write (/Users/anandhusatheesh/.nvm/versions/node/v20.19.0/lib/node_modules/firebase-tools/node_modules/winston-transport/modern.js:103:17)
    at doWrite (/Users/anandhusatheesh/.nvm/versions/node/v20.19.0/lib/node_modules/firebase-tools/node_modules/winston-transport/node_modules/readable-stream/lib/_stream_writable.js:390:139)
[error] 
[error] Error: An unexpected error has occurred.
[debug] [2025-11-04T16:16:43.681Z] Error: write EIO
    at afterWriteDispatched (node:internal/stream_base_commons:161:15)
    at writeGeneric (node:internal/stream_base_commons:152:3)
    at Socket._writeGeneric (node:net:958:11)
    at Socket._write (node:net:970:8)
    at writeOrBuffer (node:internal/streams/writable:572:12)
    at _write (node:internal/streams/writable:501:10)
    at Writable.write (node:internal/streams/writable:510:10)
    at Console.log (/Users/anandhusatheesh/.nvm/versions/node/v20.19.0/lib/node_modules/firebase-tools/node_modules/winston/lib/winston/transports/console.js:87:23)
    at Console._write (/Users/anandhusatheesh/.nvm/versions/node/v20.19.0/lib/node_modules/firebase-tools/node_modules/winston-transport/modern.js:103:17)
    at doWrite (/Users/anandhusatheesh/.nvm/versions/node/v20.19.0/lib/node_modules/firebase-tools/node_modules/winston-transport/node_modules/readable-stream/lib/_stream_writable.js:390:139)
[error] 
[error] Error: An unexpected error has occurred.
[debug] [2025-11-04T16:16:43.682Z] Error: write EIO
    at afterWriteDispatched (node:internal/stream_base_commons:161:15)
    at writeGeneric (node:internal/stream_base_commons:152:3)
    at Socket._writeGeneric (node:net:958:11)
    at Socket._write (node:net:970:8)
    at writeOrBuffer (node:internal/streams/writable:572:12)
    at _write (node:internal/streams/writable:501:10)
    at Writable.write (node:internal/streams/writable:510:10)
    at Console.log (/Users/anandhusatheesh/.nvm/versions/node/v20.19.0/lib/node_modules/firebase-tools/node_modules/winston/lib/winston/transports/console.js:87:23)
    at Console._write (/Users/anandhusatheesh/.nvm/versions/node/v20.19.0/lib/node_modules/firebase-tools/node_modules/winston-transport/modern.js:103:17)
    at doWrite (/Users/anandhusatheesh/.nvm/versions/node/v20.19.0/lib/node_modules/firebase-tools/node_modules/winston-transport/node_modules/readable-stream/lib/_stream_writable.js:390:139)
[error] 
[error] Error: An unexpected error has occurred.
[debug] [2025-11-04T16:16:43.682Z] Error: write EIO
    at afterWriteDispatched (node:internal/stream_base_commons:161:15)
    at writeGeneric (node:internal/stream_base_commons:152:3)
    at Socket._writeGeneric (node:net:958:11)
    at Socket._write (node:net:970:8)
    at writeOrBuffer (node:internal/streams/writable:572:12)
    at _write (node:internal/streams/writable:501:10)
    at Writable.write (node:internal/streams/writable:510:10)
    at Console.log (/Users/anandhusatheesh/.nvm/versions/node/v20.19.0/lib/node_modules/firebase-tools/node_modules/winston/lib/winston/transports/console.js:87:23)
    at Console._write (/Users/anandhusatheesh/.nvm/versions/node/v20.19.0/lib/node_modules/firebase-tools/node_modules/winston-transport/modern.js:103:17)
    at doWrite (/Users/anandhusatheesh/.nvm/versions/node/v20.19.0/lib/node_modules/firebase-tools/node_modules/winston-transport/node_modules/readable-stream/lib/_stream_writable.js:390:139)
[error] 
[error] Error: An unexpected error has occurred.
[debug] [2025-11-04T16:16:43.682Z] Error: write EIO
    at afterWriteDispatched (node:internal/stream_base_commons:161:15)
    at writeGeneric (node:internal/stream_base_commons:152:3)
    at Socket._writeGeneric (node:net:958:11)
    at Socket._write (node:net:970:8)
    at writeOrBuffer (node:internal/streams/writable:572:12)
    at _write (node:internal/streams/writable:501:10)
    at Writable.write (node:internal/streams/writable:510:10)
    at Console.log (/Users/anandhusatheesh/.nvm/versions/node/v20.19.0/lib/node_modules/firebase-tools/node_modules/winston/lib/winston/transports/console.js:87:23)
    at Console._write (/Users/anandhusatheesh/.nvm/versions/node/v20.19.0/lib/node_modules/firebase-tools/node_modules/winston-transport/modern.js:103:17)
    at doWrite (/Users/anandhusatheesh/.nvm/versions/node/v20.19.0/lib/node_modules/firebase-tools/node_modules/winston-transport/node_modules/readable-stream/lib/_stream_writable.js:390:139)
[error] 
[error] Error: An unexpected error has occurred.
[debug] [2025-11-04T16:16:43.682Z] Error: write EIO
    at afterWriteDispatched (node:internal/stream_base_commons:161:15)
    at writeGeneric (node:internal/stream_base_commons:152:3)
    at Socket._writeGeneric (node:net:958:11)
    at Socket._write (node:net:970:8)
    at writeOrBuffer (node:internal/streams/writable:572:12)
    at _write (node:internal/streams/writable:501:10)
    at Writable.write (node:internal/streams/writable:510:10)
    at Console.log (/Users/anandhusatheesh/.nvm/versions/node/v20.19.0/lib/node_modules/firebase-tools/node_modules/winston/lib/winston/transports/console.js:87:23)
    at Console._write (/Users/anandhusatheesh/.nvm/versions/node/v20.19.0/lib/node_modules/firebase-tools/node_modules/winston-transport/modern.js:103:17)
    at doWrite (/Users/anandhusatheesh/.nvm/versions/node/v20.19.0/lib/node_modules/firebase-tools/node_modules/winston-transport/node_modules/readable-stream/lib/_stream_writable.js:390:139)
[error] 
[error] Error: An unexpected error has occurred.
[debug] [2025-11-04T16:16:43.682Z] Error: write EIO
    at afterWriteDispatched (node:internal/stream_base_commons:161:15)
    at writeGeneric (node:internal/stream_base_commons:152:3)
    at Socket._writeGeneric (node:net:958:11)
    at Socket._write (node:net:970:8)
    at writeOrBuffer (node:internal/streams/writable:572:12)
    at _write (node:internal/streams/writable:501:10)
    at Writable.write (node:internal/streams/writable:510:10)
    at Console.log (/Users/anandhusatheesh/.nvm/versions/node/v20.19.0/lib/node_modules/firebase-tools/node_modules/winston/lib/winston/transports/console.js:87:23)
    at Console._write (/Users/anandhusatheesh/.nvm/versions/node/v20.19.0/lib/node_modules/firebase-tools/node_modules/winston-transport/modern.js:103:17)
    at doWrite (/Users/anandhusatheesh/.nvm/versions/node/v20.19.0/lib/node_modules/firebase-tools/node_modules/winston-transport/node_modules/readable-stream/lib/_stream_writable.js:390:139)
[error] 
[error] Error: An unexpected error has occurred.
[debug] [2025-11-04T16:16:43.683Z] Error: write EIO
    at afterWriteDispatched (node:internal/stream_base_commons:161:15)
    at writeGeneric (node:internal/stream_base_commons:152:3)
    at Socket._writeGeneric (node:net:958:11)
    at Socket._write (node:net:970:8)
    at writeOrBuffer (node:internal/streams/writable:572:12)
    at _write (node:internal/streams/writable:501:10)
    at Writable.write (node:internal/streams/writable:510:10)
    at Console.log (/Users/anandhusatheesh/.nvm/versions/node/v20.19.0/lib/node_modules/firebase-tools/node_modules/winston/lib/winston/transports/console.js:87:23)
    at Console._write (/Users/anandhusatheesh/.nvm/versions/node/v20.19.0/lib/node_modules/firebase-tools/node_modules/winston-transport/modern.js:103:17)
    at doWrite (/Users/anandhusatheesh/.nvm/versions/node/v20.19.0/lib/node_modules/firebase-tools/node_modules/winston-transport/node_modules/readable-stream/lib/_stream_writable.js:390:139)
[error] 
[error] Error: An unexpected error has occurred.
[debug] [2025-11-04T16:16:43.683Z] Error: write EIO
    at afterWriteDispatched (node:internal/stream_base_commons:161:15)
    at writeGeneric (node:internal/stream_base_commons:152:3)
    at Socket._writeGeneric (node:net:958:11)
    at Socket._write (node:net:970:8)
    at writeOrBuffer (node:internal/streams/writable:572:12)
    at _write (node:internal/streams/writable:501:10)
    at Writable.write (node:internal/streams/writable:510:10)
    at Console.log (/Users/anandhusatheesh/.nvm/versions/node/v20.19.0/lib/node_modules/firebase-tools/node_modules/winston/lib/winston/transports/console.js:87:23)
    at Console._write (/Users/anandhusatheesh/.nvm/versions/node/v20.19.0/lib/node_modules/firebase-tools/node_modules/winston-transport/modern.js:103:17)
    at doWrite (/Users/anandhusatheesh/.nvm/versions/node/v20.19.0/lib/node_modules/firebase-tools/node_modules/winston-transport/node_modules/readable-stream/lib/_stream_writable.js:390:139)
[error] 
[error] Error: An unexpected error has occurred.
[debug] [2025-11-04T16:16:43.683Z] Error: write EIO
    at afterWriteDispatched (node:internal/stream_base_commons:161:15)
    at writeGeneric (node:internal/stream_base_commons:152:3)
    at Socket._writeGeneric (node:net:958:11)
    at Socket._write (node:net:970:8)
    at writeOrBuffer (node:internal/streams/writable:572:12)
    at _write (node:internal/streams/writable:501:10)
    at Writable.write (node:internal/streams/writable:510:10)
    at Console.log (/Users/anandhusatheesh/.nvm/versions/node/v20.19.0/lib/node_modules/firebase-tools/node_modules/winston/lib/winston/transports/console.js:87:23)
    at Console._write (/Users/anandhusatheesh/.nvm/versions/node/v20.19.0/lib/node_modules/firebase-tools/node_modules/winston-transport/modern.js:103:17)
    at doWrite (/Users/anandhusatheesh/.nvm/versions/node/v20.19.0/lib/node_modules/firebase-tools/node_modules/winston-transport/node_modules/readable-stream/lib/_stream_writable.js:390:139)
[error] 
[error] Error: An unexpected error has occurred.
[debug] [2025-11-04T16:16:43.693Z] Error: write EIO
    at afterWriteDispatched (node:internal/stream_base_commons:161:15)
    at writeGeneric (node:internal/stream_base_commons:152:3)
    at Socket._writeGeneric (node:net:958:11)
    at Socket._write (node:net:970:8)
    at writeOrBuffer (node:internal/streams/writable:572:12)
    at _write (node:internal/streams/writable:501:10)
    at Writable.write (node:internal/streams/writable:510:10)
    at Console.log (/Users/anandhusatheesh/.nvm/versions/node/v20.19.0/lib/node_modules/firebase-tools/node_modules/winston/lib/winston/transports/console.js:87:23)
    at Console._write (/Users/anandhusatheesh/.nvm/versions/node/v20.19.0/lib/node_modules/firebase-tools/node_modules/winston-transport/modern.js:103:17)
    at doWrite (/Users/anandhusatheesh/.nvm/versions/node/v20.19.0/lib/node_modules/firebase-tools/node_modules/winston-transport/node_modules/readable-stream/lib/_stream_writable.js:390:139)
[error] 
[error] Error: An unexpected error has occurred.
[debug] [2025-11-04T16:16:43.694Z] Error: write EIO
    at afterWriteDispatched (node:internal/stream_base_commons:161:15)
    at writeGeneric (node:internal/stream_base_commons:152:3)
    at Socket._writeGeneric (node:net:958:11)
    at Socket._write (node:net:970:8)
    at writeOrBuffer (node:internal/streams/writable:572:12)
    at _write (node:internal/streams/writable:501:10)
    at Writable.write (node:internal/streams/writable:510:10)
    at Console.log (/Users/anandhusatheesh/.nvm/versions/node/v20.19.0/lib/node_modules/firebase-tools/node_modules/winston/lib/winston/transports/console.js:87:23)
    at Console._write (/Users/anandhusatheesh/.nvm/versions/node/v20.19.0/lib/node_modules/firebase-tools/node_modules/winston-transport/modern.js:103:17)
    at doWrite (/Users/anandhusatheesh/.nvm/versions/node/v20.19.0/lib/node_modules/firebase-tools/node_modules/winston-transport/node_modules/readable-stream/lib/_stream_writable.js:390:139)
[error] 
[error] Error: An unexpected error has occurred.
[debug] [2025-11-04T16:16:43.694Z] Error: write EIO
    at afterWriteDispatched (node:internal/stream_base_commons:161:15)
    at writeGeneric (node:internal/stream_base_commons:152:3)
    at Socket._writeGeneric (node:net:958:11)
    at Socket._write (node:net:970:8)
    at writeOrBuffer (node:internal/streams/writable:572:12)
    at _write (node:internal/streams/writable:501:10)
    at Writable.write (node:internal/streams/writable:510:10)
    at Console.log (/Users/anandhusatheesh/.nvm/versions/node/v20.19.0/lib/node_modules/firebase-tools/node_modules/winston/lib/winston/transports/console.js:87:23)
    at Console._write (/Users/anandhusatheesh/.nvm/versions/node/v20.19.0/lib/node_modules/firebase-tools/node_modules/winston-transport/modern.js:103:17)
    at doWrite (/Users/anandhusatheesh/.nvm/versions/node/v20.19.0/lib/node_modules/firebase-tools/node_modules/winston-transport/node_modules/readable-stream/lib/_stream_writable.js:390:139)
[error] 
[error] Error: An unexpected error has occurred.
[debug] [2025-11-04T16:16:43.694Z] Error: write EIO
    at afterWriteDispatched (node:internal/stream_base_commons:161:15)
    at writeGeneric (node:internal/stream_base_commons:152:3)
    at Socket._writeGeneric (node:net:958:11)
    at Socket._write (node:net:970:8)
    at writeOrBuffer (node:internal/streams/writable:572:12)
    at _write (node:internal/streams/writable:501:10)
    at Writable.write (node:internal/streams/writable:510:10)
    at Console.log (/Users/anandhusatheesh/.nvm/versions/node/v20.19.0/lib/node_modules/firebase-tools/node_modules/winston/lib/winston/transports/console.js:87:23)
    at Console._write (/Users/anandhusatheesh/.nvm/versions/node/v20.19.0/lib/node_modules/firebase-tools/node_modules/winston-transport/modern.js:103:17)
    at doWrite (/Users/anandhusatheesh/.nvm/versions/node/v20.19.0/lib/node_modules/firebase-tools/node_modules/winston-transport/node_modules/readable-stream/lib/_stream_writable.js:390:139)
[error] 
[error] Error: An unexpected error has occurred.
[debug] [2025-11-04T16:16:43.694Z] Error: write EIO
    at afterWriteDispatched (node:internal/stream_base_commons:161:15)
    at writeGeneric (node:internal/stream_base_commons:152:3)
    at Socket._writeGeneric (node:net:958:11)
    at Socket._write (node:net:970:8)
    at writeOrBuffer (node:internal/streams/writable:572:12)
    at _write (node:internal/streams/writable:501:10)
    at Writable.write (node:internal/streams/writable:510:10)
    at Console.log (/Users/anandhusatheesh/.nvm/versions/node/v20.19.0/lib/node_modules/firebase-tools/node_modules/winston/lib/winston/transports/console.js:87:23)
    at Console._write (/Users/anandhusatheesh/.nvm/versions/node/v20.19.0/lib/node_modules/firebase-tools/node_modules/winston-transport/modern.js:103:17)
    at doWrite (/Users/anandhusatheesh/.nvm/versions/node/v20.19.0/lib/node_modules/firebase-tools/node_modules/winston-transport/node_modules/readable-stream/lib/_stream_writable.js:390:139)
[error] 
[error] Error: An unexpected error has occurred.
[debug] [2025-11-04T16:16:43.694Z] Error: write EIO
    at afterWriteDispatched (node:internal/stream_base_commons:161:15)
    at writeGeneric (node:internal/stream_base_commons:152:3)
    at Socket._writeGeneric (node:net:958:11)
    at Socket._write (node:net:970:8)
    at writeOrBuffer (node:internal/streams/writable:572:12)
    at _write (node:internal/streams/writable:501:10)
    at Writable.write (node:internal/streams/writable:510:10)
    at Console.log (/Users/anandhusatheesh/.nvm/versions/node/v20.19.0/lib/node_modules/firebase-tools/node_modules/winston/lib/winston/transports/console.js:87:23)
    at Console._write (/Users/anandhusatheesh/.nvm/versions/node/v20.19.0/lib/node_modules/firebase-tools/node_modules/winston-transport/modern.js:103:17)
    at doWrite (/Users/anandhusatheesh/.nvm/versions/node/v20.19.0/lib/node_modules/firebase-tools/node_modules/winston-transport/node_modules/readable-stream/lib/_stream_writable.js:390:139)
[error] 
[error] Error: An unexpected error has occurred.
[debug] [2025-11-04T16:16:43.695Z] Error: write EIO
    at afterWriteDispatched (node:internal/stream_base_commons:161:15)
    at writeGeneric (node:internal/stream_base_commons:152:3)
    at Socket._writeGeneric (node:net:958:11)
    at Socket._write (node:net:970:8)
    at writeOrBuffer (node:internal/streams/writable:572:12)
    at _write (node:internal/streams/writable:501:10)
    at Writable.write (node:internal/streams/writable:510:10)
    at Console.log (/Users/anandhusatheesh/.nvm/versions/node/v20.19.0/lib/node_modules/firebase-tools/node_modules/winston/lib/winston/transports/console.js:87:23)
    at Console._write (/Users/anandhusatheesh/.nvm/versions/node/v20.19.0/lib/node_modules/firebase-tools/node_modules/winston-transport/modern.js:103:17)
    at doWrite (/Users/anandhusatheesh/.nvm/versions/node/v20.19.0/lib/node_modules/firebase-tools/node_modules/winston-transport/node_modules/readable-stream/lib/_stream_writable.js:390:139)
[error] 
[error] Error: An unexpected error has occurred.
[debug] [2025-11-04T16:16:43.695Z] Error: write EIO
    at afterWriteDispatched (node:internal/stream_base_commons:161:15)
    at writeGeneric (node:internal/stream_base_commons:152:3)
    at Socket._writeGeneric (node:net:958:11)
    at Socket._write (node:net:970:8)
    at writeOrBuffer (node:internal/streams/writable:572:12)
    at _write (node:internal/streams/writable:501:10)
    at Writable.write (node:internal/streams/writable:510:10)
    at Console.log (/Users/anandhusatheesh/.nvm/versions/node/v20.19.0/lib/node_modules/firebase-tools/node_modules/winston/lib/winston/transports/console.js:87:23)
    at Console._write (/Users/anandhusatheesh/.nvm/versions/node/v20.19.0/lib/node_modules/firebase-tools/node_modules/winston-transport/modern.js:103:17)
    at doWrite (/Users/anandhusatheesh/.nvm/versions/node/v20.19.0/lib/node_modules/firebase-tools/node_modules/winston-transport/node_modules/readable-stream/lib/_stream_writable.js:390:139)
[error] 
[error] Error: An unexpected error has occurred.
[debug] [2025-11-04T16:16:43.695Z] Error: write EIO
    at afterWriteDispatched (node:internal/stream_base_commons:161:15)
    at writeGeneric (node:internal/stream_base_commons:152:3)
    at Socket._writeGeneric (node:net:958:11)
    at Socket._write (node:net:970:8)
    at writeOrBuffer (node:internal/streams/writable:572:12)
    at _write (node:internal/streams/writable:501:10)
    at Writable.write (node:internal/streams/writable:510:10)
    at Console.log (/Users/anandhusatheesh/.nvm/versions/node/v20.19.0/lib/node_modules/firebase-tools/node_modules/winston/lib/winston/transports/console.js:87:23)
    at Console._write (/Users/anandhusatheesh/.nvm/versions/node/v20.19.0/lib/node_modules/firebase-tools/node_modules/winston-transport/modern.js:103:17)
    at doWrite (/Users/anandhusatheesh/.nvm/versions/node/v20.19.0/lib/node_modules/firebase-tools/node_modules/winston-transport/node_modules/readable-stream/lib/_stream_writable.js:390:139)
[error] 
[error] Error: An unexpected error has occurred.
[debug] [2025-11-04T16:16:43.695Z] Error: write EIO
    at afterWriteDispatched (node:internal/stream_base_commons:161:15)
    at writeGeneric (node:internal/stream_base_commons:152:3)
    at Socket._writeGeneric (node:net:958:11)
    at Socket._write (node:net:970:8)
    at writeOrBuffer (node:internal/streams/writable:572:12)
    at _write (node:internal/streams/writable:501:10)
    at Writable.write (node:internal/streams/writable:510:10)
    at Console.log (/Users/anandhusatheesh/.nvm/versions/node/v20.19.0/lib/node_modules/firebase-tools/node_modules/winston/lib/winston/transports/console.js:87:23)
    at Console._write (/Users/anandhusatheesh/.nvm/versions/node/v20.19.0/lib/node_modules/firebase-tools/node_modules/winston-transport/modern.js:103:17)
    at doWrite (/Users/anandhusatheesh/.nvm/versions/node/v20.19.0/lib/node_modules/firebase-tools/node_modules/winston-transport/node_modules/readable-stream/lib/_stream_writable.js:390:139)
[error] 
[error] Error: An unexpected error has occurred.
[debug] [2025-11-04T16:16:43.696Z] Error: write EIO
    at afterWriteDispatched (node:internal/stream_base_commons:161:15)
    at writeGeneric (node:internal/stream_base_commons:152:3)
    at Socket._writeGeneric (node:net:958:11)
    at Socket._write (node:net:970:8)
    at writeOrBuffer (node:internal/streams/writable:572:12)
    at _write (node:internal/streams/writable:501:10)
    at Writable.write (node:internal/streams/writable:510:10)
    at Console.log (/Users/anandhusatheesh/.nvm/versions/node/v20.19.0/lib/node_modules/firebase-tools/node_modules/winston/lib/winston/transports/console.js:87:23)
    at Console._write (/Users/anandhusatheesh/.nvm/versions/node/v20.19.0/lib/node_modules/firebase-tools/node_modules/winston-transport/modern.js:103:17)
    at doWrite (/Users/anandhusatheesh/.nvm/versions/node/v20.19.0/lib/node_modules/firebase-tools/node_modules/winston-transport/node_modules/readable-stream/lib/_stream_writable.js:390:139)
[error] 
[error] Error: An unexpected error has occurred.
[debug] [2025-11-04T16:16:43.696Z] Error: write EIO
    at afterWriteDispatched (node:internal/stream_base_commons:161:15)
    at writeGeneric (node:internal/stream_base_commons:152:3)
    at Socket._writeGeneric (node:net:958:11)
    at Socket._write (node:net:970:8)
    at writeOrBuffer (node:internal/streams/writable:572:12)
    at _write (node:internal/streams/writable:501:10)
    at Writable.write (node:internal/streams/writable:510:10)
    at Console.log (/Users/anandhusatheesh/.nvm/versions/node/v20.19.0/lib/node_modules/firebase-tools/node_modules/winston/lib/winston/transports/console.js:87:23)
    at Console._write (/Users/anandhusatheesh/.nvm/versions/node/v20.19.0/lib/node_modules/firebase-tools/node_modules/winston-transport/modern.js:103:17)
    at doWrite (/Users/anandhusatheesh/.nvm/versions/node/v20.19.0/lib/node_modules/firebase-tools/node_modules/winston-transport/node_modules/readable-stream/lib/_stream_writable.js:390:139)
